-- phpMyAdmin SQL Dump
-- version 4.9.2
-- https://www.phpmyadmin.net/
--
-- Host: 127.0.0.1
-- Generation Time: Jul 13, 2020 at 04:07 PM
-- Server version: 10.4.10-MariaDB
-- PHP Version: 7.3.12

SET SQL_MODE = "NO_AUTO_VALUE_ON_ZERO";
SET AUTOCOMMIT = 0;
START TRANSACTION;
SET time_zone = "+00:00";


/*!40101 SET @OLD_CHARACTER_SET_CLIENT=@@CHARACTER_SET_CLIENT */;
/*!40101 SET @OLD_CHARACTER_SET_RESULTS=@@CHARACTER_SET_RESULTS */;
/*!40101 SET @OLD_COLLATION_CONNECTION=@@COLLATION_CONNECTION */;
/*!40101 SET NAMES utf8mb4 */;

--
-- Database: `crownapps`
--

-- --------------------------------------------------------

--
-- Table structure for table `anak`
--

CREATE TABLE `anak` (
  `id` int(11) NOT NULL,
  `user_id` int(11) NOT NULL,
  `nama_anak` varchar(200) NOT NULL,
  `tgl_lahir_anak` date NOT NULL,
  `gender_anak` varchar(1) NOT NULL DEFAULT 'P' COMMENT 'P = Perempuan | L = Laki - laki'
) ENGINE=InnoDB DEFAULT CHARSET=utf8mb4;

--
-- Dumping data for table `anak`
--

INSERT INTO `anak` (`id`, `user_id`, `nama_anak`, `tgl_lahir_anak`, `gender_anak`) VALUES
(1, 1, 'Herlina', '2019-06-18', 'P'),
(4, 1, 'Jimin', '2019-06-18', 'L'),
(5, 2, 'Kim Taehyung', '2018-12-30', 'L'),
(6, 1, 'Jhope', '2018-10-16', 'L'),
(9, 19, 'Devana', '2018-09-18', 'P'),
(10, 20, 'Zivana', '2020-03-17', 'P'),
(13, 1, 'Kayla', '2020-02-11', 'P'),
(14, 22, 'Keano', '2020-03-18', 'L'),
(15, 22, 'haykal', '2019-12-19', 'L'),
(16, 1, 'Adelia', '2020-02-18', 'P'),
(17, 23, 'revaldo', '2020-05-20', 'L'),
(18, 24, 'bilal', '2019-05-23', 'L'),
(19, 24, 'gwen', '2017-04-13', 'P'),
(20, 25, 'muhammad bilal alfatih', '2019-05-23', 'L'),
(21, 26, 'Herlina', '2020-04-22', 'P'),
(22, 26, 'Sakura', '2020-05-20', 'P'),
(23, 27, 'muhammad bilal alfatih', '2020-07-13', 'L');

-- --------------------------------------------------------

--
-- Table structure for table `aspek`
--

CREATE TABLE `aspek` (
  `id` int(11) NOT NULL,
  `nama_aspek` varchar(50) NOT NULL
) ENGINE=InnoDB DEFAULT CHARSET=utf8mb4;

--
-- Dumping data for table `aspek`
--

INSERT INTO `aspek` (`id`, `nama_aspek`) VALUES
(1, 'Personal Sosial'),
(2, 'Motorik Halus'),
(3, 'Bahasa'),
(4, 'Motorik Kasar');

-- --------------------------------------------------------

--
-- Table structure for table `bb`
--

CREATE TABLE `bb` (
  `id` int(11) NOT NULL,
  `usia` int(11) NOT NULL,
  `jk` varchar(2) NOT NULL COMMENT 'P = perempuan | L = laki',
  `m3sd` float NOT NULL,
  `m2sd` float NOT NULL,
  `m1sd` float NOT NULL,
  `medium` float NOT NULL,
  `p1sd` float NOT NULL,
  `p2sd` float NOT NULL,
  `p3sd` float NOT NULL
) ENGINE=InnoDB DEFAULT CHARSET=utf8mb4;

--
-- Dumping data for table `bb`
--

INSERT INTO `bb` (`id`, `usia`, `jk`, `m3sd`, `m2sd`, `m1sd`, `medium`, `p1sd`, `p2sd`, `p3sd`) VALUES
(1, 0, 'P', 2, 2.4, 2.8, 3.2, 3.7, 4.2, 4.8),
(2, 1, 'P', 2.7, 3.2, 3.6, 4.2, 4.8, 5.5, 6.2),
(3, 2, 'P', 3.4, 3.9, 4.5, 5.1, 5.8, 6.6, 7.5),
(4, 3, 'P', 4, 4.5, 5.2, 5.8, 6.6, 7.5, 8.5),
(5, 4, 'P', 4.4, 5, 5.7, 6.4, 7.3, 8.2, 9.3),
(6, 5, 'P', 4.8, 5.4, 6.1, 6.9, 7.8, 8.8, 10),
(7, 6, 'P', 5.1, 5.7, 6.5, 7.3, 8.2, 9.3, 10.6),
(8, 7, 'P', 5.3, 6, 6.8, 7.6, 8.6, 9.8, 11.1),
(9, 8, 'P', 5.6, 6.3, 7, 7.9, 9, 10.2, 11.6),
(10, 9, 'P', 5.8, 6.5, 7.3, 8.2, 9.3, 10.5, 12),
(11, 10, 'P', 5.9, 6.7, 7.5, 8.5, 9.6, 10.9, 12.4),
(12, 11, 'P', 6.1, 6.9, 7.7, 8.7, 9.9, 11.2, 12.8),
(13, 12, 'P', 6.3, 7, 7.9, 8.9, 10.1, 11.5, 13.1),
(14, 13, 'P', 6.4, 7.2, 8.1, 9.2, 10.4, 11.8, 13.5),
(15, 14, 'P', 6.6, 7.4, 8.3, 9.4, 10.6, 12.1, 13.8),
(16, 15, 'P', 6.7, 7.6, 8.5, 9.6, 10.9, 12.4, 14.1),
(17, 16, 'P', 6.9, 7.7, 8.7, 9.8, 11.1, 12.6, 14.5),
(18, 17, 'P', 7, 7.9, 8.9, 10, 11.4, 12.9, 14.8),
(19, 18, 'P', 7.2, 8.1, 9.1, 10.2, 11.6, 13.2, 15.1),
(20, 19, 'P', 7.3, 8.2, 9.2, 10.4, 11.8, 13.5, 15.4),
(21, 20, 'P', 7.5, 8.4, 9.4, 10.6, 12.1, 13.7, 15.7),
(22, 21, 'P', 7.6, 8.6, 9.6, 10.9, 12.3, 14, 16),
(23, 22, 'P', 7.8, 8.7, 9.8, 11.1, 12.5, 14.3, 16.4),
(24, 23, 'P', 7.9, 8.9, 10, 11.3, 12.8, 14.6, 16.7),
(25, 24, 'P', 8.1, 9, 10.2, 11.5, 13, 14.8, 17),
(26, 25, 'P', 8.2, 9.2, 10.3, 11.7, 13.3, 15.1, 17.3),
(27, 26, 'P', 8.4, 9.4, 10.5, 11.9, 13.5, 15.4, 17.7),
(28, 27, 'P', 8.5, 9.5, 10.7, 12.1, 13.7, 15.7, 18),
(29, 28, 'P', 8.6, 9.7, 10.9, 12.3, 14, 16, 18.3),
(30, 29, 'P', 8.8, 9.8, 11.1, 12.5, 14.2, 16.2, 18.7),
(31, 30, 'P', 8.9, 10, 11.2, 12.7, 14.4, 16.5, 19),
(32, 31, 'P', 9, 10.1, 11.4, 12.9, 14.7, 16.8, 19.3),
(33, 32, 'P', 9.1, 10.3, 11.6, 13.1, 14.9, 17.1, 19.6),
(34, 33, 'P', 9.3, 10.4, 11.7, 13.3, 15.1, 17.3, 20),
(35, 34, 'P', 9.4, 10.5, 11.9, 13.5, 15.4, 17.6, 20.3),
(36, 35, 'P', 9.5, 10.7, 12, 13.7, 15.6, 17.9, 20.6),
(37, 36, 'P', 9.6, 10.8, 12.2, 13.9, 15.8, 18.1, 20.9),
(38, 37, 'P', 9.7, 10.9, 12.4, 14, 16, 18.4, 21.3),
(39, 38, 'P', 9.8, 11.1, 12.5, 14.2, 16.3, 18.7, 21.6),
(40, 39, 'P', 9.9, 11.2, 12.7, 14.4, 16.5, 19, 22),
(41, 40, 'P', 10.1, 11.3, 12.8, 14.6, 16.7, 19.2, 22.3),
(42, 41, 'P', 10.2, 11.5, 13, 14.8, 16.9, 19.5, 22.7),
(43, 42, 'P', 10.3, 11.6, 13.1, 15, 17.2, 19.8, 23),
(44, 43, 'P', 10.4, 11.7, 13.3, 15.2, 17.4, 20.1, 23.4),
(45, 44, 'P', 10.5, 11.8, 13.4, 15.3, 17.6, 20.4, 23.7),
(46, 45, 'P', 10.6, 12, 13.6, 15.5, 17.8, 20.7, 24.1),
(47, 46, 'P', 10.7, 12.1, 13.7, 15.7, 18.1, 20.9, 24.5),
(48, 47, 'P', 10.8, 12.2, 13.9, 15.9, 18.3, 21.2, 24.8),
(49, 48, 'P', 10.9, 12.3, 14, 16.1, 18.5, 21.5, 25.2),
(50, 49, 'P', 11, 12.4, 14.2, 16.3, 18.8, 21.8, 25.5),
(51, 50, 'P', 11.1, 12.6, 14.3, 16.4, 19, 22.1, 25.9),
(52, 51, 'P', 11.2, 12.7, 14.5, 16.6, 19.2, 22.4, 26.3),
(53, 52, 'P', 11.3, 12.8, 14.6, 16.8, 19.4, 22.6, 26.6),
(54, 53, 'P', 11.4, 12.9, 14.8, 17, 19.7, 22.9, 27),
(55, 54, 'P', 11.5, 13, 14.9, 17.2, 19.9, 23.2, 27.4),
(56, 55, 'P', 11.6, 13.2, 15.1, 17.3, 20.1, 23.5, 27.7),
(57, 56, 'P', 11.7, 13.3, 15.2, 17.5, 20.3, 23.8, 28.1),
(58, 57, 'P', 11.8, 13.4, 15.3, 17.7, 20.6, 24.1, 28.5),
(59, 58, 'P', 11.9, 13.5, 15.5, 17.9, 20.8, 24.4, 28.8),
(60, 59, 'P', 12, 13.6, 15.6, 18, 21, 24.6, 29.2),
(61, 60, 'P', 12.1, 13.7, 15.8, 18.2, 21.2, 24.9, 29.5),
(62, 0, 'L', 2.1, 2.5, 2.9, 3.3, 3.9, 4.4, 5),
(63, 1, 'L', 2.9, 3.4, 3.9, 4.5, 5.1, 5.8, 6.6),
(64, 2, 'L', 3.8, 4.3, 4.9, 5.6, 6.3, 7.1, 8),
(65, 3, 'L', 4.4, 5, 5.7, 6.4, 7.2, 8, 9),
(66, 4, 'L', 4.9, 5.6, 6.2, 7, 7.8, 8.7, 9.7),
(67, 5, 'L', 5.3, 6, 6.7, 7.5, 8.4, 9.3, 10.4),
(68, 6, 'L', 5.7, 6.4, 7.1, 7.9, 8.8, 9.8, 10.9),
(69, 7, 'L', 5.9, 6.7, 7.4, 8.3, 9.2, 10.3, 11.4),
(70, 8, 'L', 6.2, 6.9, 7.7, 8.6, 9.6, 10.7, 11.9),
(71, 9, 'L', 6.4, 7.1, 8, 8.9, 9.9, 11, 12.3),
(72, 10, 'L', 6.6, 7.4, 8.2, 9.2, 10.2, 11.4, 12.7),
(73, 11, 'L', 6.8, 7.6, 8.4, 9.4, 10.5, 11.7, 13),
(74, 12, 'L', 6.9, 7.7, 8.6, 9.6, 10.8, 12, 13.3),
(75, 13, 'L', 7.1, 7.9, 8.8, 9.9, 11, 12.3, 13.7),
(76, 14, 'L', 7.2, 8.1, 9, 10.1, 11.3, 12.6, 14),
(77, 15, 'L', 7.4, 8.3, 9.2, 10.3, 11.5, 12.8, 14.3),
(78, 16, 'L', 7.5, 8.4, 9.4, 10.5, 11.7, 13.1, 14.6),
(79, 17, 'L', 7.7, 8.6, 9.6, 10.7, 12, 13.4, 14.9),
(80, 18, 'L', 7.8, 8.8, 9.8, 10.9, 12.2, 13.7, 15.3),
(81, 19, 'L', 8, 8.9, 10, 11.1, 12.5, 13.9, 15.6),
(82, 20, 'L', 8.1, 9.1, 10.1, 11.3, 12.7, 14.2, 15.9),
(83, 21, 'L', 8.2, 9.2, 10.3, 11.5, 12.9, 14.5, 16.2),
(84, 22, 'L', 8.4, 9.4, 10.5, 11.8, 13.2, 14.7, 16.5),
(85, 23, 'L', 8.5, 9.5, 10.7, 12, 13.4, 15, 16.8),
(86, 24, 'L', 8.6, 9.7, 10.8, 12.2, 13.6, 15.3, 17.1),
(87, 25, 'L', 8.8, 9.8, 11, 12.4, 13.9, 15.5, 17.5),
(88, 26, 'L', 8.9, 10, 11.2, 12.5, 14.1, 15.8, 17.8),
(89, 27, 'L', 9, 10.1, 11.3, 12.7, 14.3, 16.1, 18.1),
(90, 28, 'L', 9.1, 10.2, 11.5, 12.9, 14.5, 16.3, 18.4),
(91, 29, 'L', 9.2, 10.4, 11.7, 13.1, 14.8, 16.6, 18.7),
(92, 30, 'L', 9.4, 10.5, 11.8, 13.3, 15, 16.9, 19),
(93, 31, 'L', 9.5, 10.7, 12, 13.5, 15.2, 17.1, 19.3),
(94, 32, 'L', 9.6, 10.8, 12.1, 13.7, 15.4, 17.4, 19.6),
(95, 33, 'L', 9.7, 10.9, 12.3, 13.8, 15.6, 17.6, 19.9),
(96, 34, 'L', 9.8, 11, 12.4, 14, 15.8, 17.8, 20.2),
(97, 35, 'L', 9.9, 11.2, 12.6, 14.2, 16, 18.1, 20.4),
(98, 36, 'L', 10, 11.3, 12.7, 14.3, 16.2, 18.3, 20.7),
(99, 37, 'L', 10.1, 11.4, 12.9, 14.5, 16.4, 18.6, 21),
(100, 38, 'L', 10.2, 11.5, 13, 14.7, 16.6, 18.8, 21.3),
(101, 39, 'L', 10.3, 11.6, 13.1, 14.8, 16.8, 19, 21.6),
(102, 40, 'L', 10.4, 11.8, 13.3, 15, 17, 19.3, 21.9),
(103, 41, 'L', 10.5, 11.9, 13.4, 15.2, 17.2, 19.5, 22.1),
(104, 42, 'L', 10.6, 12, 13.6, 15.3, 17.4, 19.7, 22.4),
(105, 43, 'L', 10.7, 12.1, 13.7, 15.5, 17.6, 20, 22.7),
(106, 44, 'L', 10.8, 12.2, 13.8, 15.7, 17.8, 20.2, 23),
(107, 45, 'L', 10.9, 12.4, 14, 15.8, 18, 20.5, 23.3),
(108, 46, 'L', 11, 12.5, 14.1, 16, 18.2, 20.7, 23.6),
(109, 47, 'L', 11.1, 12.6, 14.3, 16.2, 18.4, 20.9, 23.9),
(110, 48, 'L', 11.2, 12.7, 14.4, 16.3, 18.6, 21.2, 24.2),
(111, 49, 'L', 11.3, 12.8, 14.5, 16.5, 18.8, 21.4, 24.5),
(112, 50, 'L', 11.4, 12.9, 14.7, 16.7, 19, 21.7, 24.8),
(113, 51, 'L', 11.5, 13.1, 14.8, 16.8, 19.2, 21.9, 25.1),
(114, 52, 'L', 11.6, 13.2, 15, 17, 19.4, 22.2, 25.4),
(115, 53, 'L', 11.7, 13.3, 15.1, 17.2, 19.6, 22.4, 25.7),
(116, 54, 'L', 11.8, 13.4, 15.2, 17.3, 19.8, 22.7, 26),
(117, 55, 'L', 11.9, 13.5, 15.4, 17.5, 20, 22.9, 26.3),
(118, 56, 'L', 12, 13.6, 15.5, 17.7, 20.2, 23.2, 26.6),
(119, 57, 'L', 12.1, 13.7, 15.6, 17.8, 20.4, 23.4, 26.9),
(120, 58, 'L', 12.2, 13.8, 15.8, 18, 20.6, 23.7, 27.2),
(121, 59, 'L', 12.3, 14, 15.9, 18.2, 20.8, 23.9, 27.6),
(122, 60, 'L', 12.4, 14.1, 16, 18.3, 21, 24.2, 27.9);

-- --------------------------------------------------------

--
-- Table structure for table `data_gizi`
--

CREATE TABLE `data_gizi` (
  `id` int(11) NOT NULL,
  `anak_id` int(11) NOT NULL,
  `tanggal` date NOT NULL,
  `tb_anak` float NOT NULL,
  `bb_anak` float NOT NULL,
  `lk_anak` float NOT NULL,
  `imt_anak` float NOT NULL
) ENGINE=InnoDB DEFAULT CHARSET=utf8mb4;

--
-- Dumping data for table `data_gizi`
--

INSERT INTO `data_gizi` (`id`, `anak_id`, `tanggal`, `tb_anak`, `bb_anak`, `lk_anak`, `imt_anak`) VALUES
(1, 1, '2020-06-09', 150, 40, 55, 56),
(9, 4, '2020-06-11', 150, 45, 56, 20),
(10, 6, '2020-06-15', 158, 48, 56, 19.2277),
(11, 1, '2020-06-15', 155, 42, 56, 17.4818),
(16, 6, '2020-06-17', 90, 9, 55, 11.1111),
(21, 1, '2020-06-20', 90, 8, 50, 9.87654),
(22, 6, '2020-06-20', 100, 9.5, 52, 9.5),
(23, 1, '2020-06-21', 110, 9.5, 53, 7.85124),
(24, 4, '2020-06-20', 110, 9.5, 54, 7.85124),
(25, 4, '2020-06-21', 110, 10, 54, 8.26446),
(26, 6, '2020-06-21', 110, 10.5, 54, 8.67769),
(27, 4, '2020-06-22', 115, 11, 55, 8.31758),
(28, 4, '2020-06-28', 115, 11, 55, 8.31758),
(29, 1, '2020-07-02', 115, 11, 55, 8.31758),
(30, 1, '2020-07-10', 120, 12, 54, 8.33333),
(31, 4, '2020-07-10', 100, 15, 53, 15),
(32, 9, '2020-07-10', 120, 35, 55, 24.3056),
(33, 10, '2020-07-10', 68, 8, 44, 17.301),
(35, 13, '2020-07-11', 88, 7, 44, 9.03926),
(36, 14, '2020-07-11', 80, 7, 45, 10.9375),
(37, 15, '2020-07-11', 90, 10, 44, 12.3457),
(38, 16, '2020-07-11', 80, 8, 42, 12.5),
(39, 17, '2020-07-11', 60, 5, 43, 13.8889),
(40, 18, '2020-07-12', 98, 12, 40, 12.4948),
(41, 19, '2020-07-12', 130, 30, 45, 17.7515),
(42, 20, '2020-07-12', 77, 10, 47, 16.8663),
(43, 21, '2020-07-12', 55, 5, 42, 16.5289),
(44, 22, '2020-07-12', 50, 5, 40, 20),
(45, 23, '2020-07-13', 77, 10, 47, 16.8663);

-- --------------------------------------------------------

--
-- Table structure for table `hasil_gizi`
--

CREATE TABLE `hasil_gizi` (
  `id` int(11) NOT NULL,
  `gizi_id` int(11) NOT NULL,
  `hasil_tb` varchar(50) NOT NULL,
  `hasil_bb` varchar(50) NOT NULL,
  `hasil_lk` varchar(50) NOT NULL,
  `hasil_imt` varchar(50) NOT NULL
) ENGINE=InnoDB DEFAULT CHARSET=utf8mb4;

--
-- Dumping data for table `hasil_gizi`
--

INSERT INTO `hasil_gizi` (`id`, `gizi_id`, `hasil_tb`, `hasil_bb`, `hasil_lk`, `hasil_imt`) VALUES
(15, 19, 'Tinggi', 'Gizi Baik', 'Makrosefalus', 'Sangat Kurus'),
(16, 11, 'Tinggi', 'Gizi Lebih', 'Makrosefalus', 'Normal'),
(17, 9, 'Tinggi', 'Gizi Lebih', 'Makrosefalus', 'Obesitas'),
(18, 16, 'Tinggi', 'Gizi Baik', 'Makrosefalus', 'Sangat Kurus'),
(19, 21, 'Tinggi', 'Gizi Baik', 'Makrosefalus', 'Sangat Kurus'),
(20, 22, 'Tinggi', 'Gizi Baik', 'Makrosefalus', 'Sangat Kurus'),
(21, 23, 'Tinggi', 'Gizi Baik', 'Makrosefalus', 'Sangat Kurus'),
(22, 24, 'Tinggi', 'Gizi Baik', 'Makrosefalus', 'Sangat Kurus'),
(23, 25, 'Tinggi', 'Gizi Baik', 'Makrosefalus', 'Sangat Kurus'),
(24, 26, 'Tinggi', 'Gizi Baik', 'Makrosefalus', 'Sangat Kurus'),
(25, 27, 'Tinggi', 'Gizi Baik', 'Makrosefalus', 'Sangat Kurus'),
(26, 28, 'Tinggi', 'Gizi Baik', 'Makrosefalus', 'Sangat Kurus'),
(27, 29, 'Tinggi', 'Gizi Baik', 'Makrosefalus', 'Sangat Kurus'),
(28, 30, 'Tinggi', 'Gizi Lebih', 'Makrosefalus', 'Sangat Kurus'),
(29, 31, 'Tinggi', 'Gizi Lebih', 'Makrosefalus', 'Normal'),
(30, 32, 'Tinggi', 'Gizi Lebih', 'Makrosefalus', 'Obesitas'),
(31, 33, 'Tinggi', 'Gizi Baik', 'Makrosefalus', 'Normal'),
(32, 36, 'Tinggi', 'Gizi Baik', 'Makrosefalus', 'Sangat Kurus'),
(33, 38, 'Normal', 'Gizi Baik', 'Mikrosefalus', 'Sangat Kurus'),
(34, 39, 'Normal', 'Gizi Baik', 'Makrosefalus', 'Normal'),
(35, 40, 'Tinggi', 'Gizi Baik', 'Mikrosefalus', 'Sangat Kurus'),
(36, 41, 'Tinggi', 'Gizi Lebih', 'Normal', 'Normal'),
(37, 42, 'Normal', 'Gizi Baik', 'Normal', 'Normal'),
(38, 43, 'Pendek', 'Gizi Baik', 'Normal', 'Normal'),
(39, 44, 'Sangat Pendek', 'Gizi Baik', 'Normal', 'Obesitas'),
(40, 45, 'Tinggi', 'Gizi Lebih', 'Makrosefalus', 'Gemuk');

-- --------------------------------------------------------

--
-- Table structure for table `imt`
--

CREATE TABLE `imt` (
  `id` int(11) NOT NULL,
  `usia` int(11) NOT NULL,
  `jk` varchar(2) NOT NULL COMMENT 'P = perempuan | L = laki',
  `m3sd` float NOT NULL,
  `m2sd` float NOT NULL,
  `m1sd` float NOT NULL,
  `medium` float NOT NULL,
  `p1sd` float NOT NULL,
  `p2sd` float NOT NULL,
  `p3sd` float NOT NULL
) ENGINE=InnoDB DEFAULT CHARSET=utf8mb4;

--
-- Dumping data for table `imt`
--

INSERT INTO `imt` (`id`, `usia`, `jk`, `m3sd`, `m2sd`, `m1sd`, `medium`, `p1sd`, `p2sd`, `p3sd`) VALUES
(1, 0, 'P', 10.1, 11.1, 12.2, 13.3, 14.6, 16.1, 17.7),
(2, 1, 'P', 10.8, 12, 13.2, 14.6, 16, 17.5, 19.1),
(3, 2, 'P', 11.8, 13, 14.3, 15.8, 17.3, 19, 20.7),
(4, 3, 'P', 12.4, 13.6, 14.9, 16.4, 17.9, 19.7, 21.5),
(5, 4, 'P', 12.7, 13.9, 15.2, 16.7, 18.3, 20, 22),
(6, 5, 'P', 12.9, 14.1, 15.4, 16.8, 18.4, 20.2, 22.2),
(7, 6, 'P', 13, 14.1, 15.5, 16.9, 18.5, 20.3, 22.3),
(8, 7, 'P', 13, 14.2, 15.5, 16.9, 18.5, 20.3, 22.3),
(9, 8, 'P', 13, 14.1, 15.4, 16.8, 18.4, 20.2, 22.2),
(10, 9, 'P', 12.9, 14.1, 15.3, 16.7, 18.3, 20.1, 22.1),
(11, 10, 'P', 12.9, 14, 15.2, 16.6, 18.2, 19.9, 21.9),
(12, 11, 'P', 12.8, 13.9, 15.1, 16.5, 18, 19.8, 21.8),
(13, 12, 'P', 12.7, 13.8, 15, 16.4, 17.9, 19.6, 21.6),
(14, 13, 'P', 12.6, 13.7, 14.9, 16.2, 17.7, 19.5, 21.4),
(15, 14, 'P', 12.6, 13.6, 14.8, 16.1, 17.6, 19.3, 21.3),
(16, 15, 'P', 12.5, 13.5, 14.7, 16, 17.5, 19.2, 21.1),
(17, 16, 'P', 12.4, 13.5, 14.6, 15.9, 17.4, 19.1, 21),
(18, 17, 'P', 12.4, 13.4, 14.5, 15.8, 17.3, 18.9, 20.9),
(19, 18, 'P', 12.3, 13.3, 14.4, 15.7, 17.2, 18.8, 20.8),
(20, 19, 'P', 12.3, 13.3, 14.4, 15.7, 17.1, 18.8, 20.7),
(21, 20, 'P', 12.2, 13.2, 14.3, 15.6, 17, 18.7, 20.6),
(22, 21, 'P', 12.2, 13.2, 14.3, 15.5, 17, 18.6, 20.5),
(23, 22, 'P', 12.2, 13.1, 14.2, 15.5, 16.9, 18.5, 20.4),
(24, 23, 'P', 12.2, 13.1, 14.2, 15.4, 16.9, 18.5, 20.4),
(25, 24, 'P', 12.4, 13.3, 14.4, 15.7, 17.1, 18.7, 20.6),
(26, 25, 'P', 12.4, 13.3, 14.4, 15.7, 17.1, 18.7, 20.6),
(27, 26, 'P', 12.3, 13.3, 14.4, 15.6, 17, 18.7, 20.6),
(28, 27, 'P', 12.3, 13.3, 14.4, 15.6, 17, 18.6, 20.5),
(29, 28, 'P', 12.3, 13.3, 14.3, 15.6, 17, 18.6, 20.5),
(30, 29, 'P', 12.3, 13.2, 14.3, 15.6, 17, 18.6, 20.4),
(31, 30, 'P', 12.3, 13.2, 14.3, 15.5, 16.9, 18.5, 20.4),
(32, 31, 'P', 12.2, 13.2, 14.3, 15.5, 16.9, 18.5, 20.4),
(33, 32, 'P', 12.2, 13.2, 14.3, 15.5, 16.9, 18.5, 20.4),
(34, 33, 'P', 12.2, 13.1, 14.2, 15.5, 16.9, 18.5, 20.3),
(35, 34, 'P', 12.2, 13.1, 14.2, 15.4, 16.8, 18.5, 20.3),
(36, 35, 'P', 12.1, 13.1, 14.2, 15.4, 16.8, 18.4, 20.3),
(37, 36, 'P', 12.1, 13.1, 14.2, 15.4, 16.8, 18.4, 20.3),
(38, 37, 'P', 12.1, 13.1, 14.1, 15.4, 16.8, 18.4, 20.3),
(39, 38, 'P', 12.1, 13, 14.1, 15.4, 16.8, 18.4, 20.3),
(40, 39, 'P', 12, 13, 14.1, 15.3, 16.8, 18.4, 20.3),
(41, 40, 'P', 12, 13, 14.1, 15.3, 16.8, 18.4, 20.3),
(42, 41, 'P', 12, 13, 14.1, 15.3, 16.8, 18.4, 20.4),
(43, 42, 'P', 12, 12.9, 14, 15.3, 16.8, 18.4, 20.4),
(44, 43, 'P', 11.9, 12.9, 14, 15.3, 16.8, 18.4, 20.4),
(45, 44, 'P', 11.9, 12.9, 14, 15.3, 16.8, 18.5, 20.4),
(46, 45, 'P', 11.9, 12.9, 14, 15.3, 16.8, 18.5, 20.5),
(47, 46, 'P', 11.9, 12.9, 14, 15.3, 16.8, 18.5, 20.5),
(48, 47, 'P', 11.8, 12.8, 14, 15.3, 16.8, 18.5, 20.5),
(49, 48, 'P', 11.8, 12.8, 14, 15.3, 16.8, 18.5, 20.6),
(50, 49, 'P', 11.8, 12.8, 13.9, 15.3, 16.8, 18.5, 20.6),
(51, 50, 'P', 11.8, 12.8, 13.9, 15.3, 16.8, 18.6, 20.7),
(52, 51, 'P', 11.8, 12.8, 13.9, 15.3, 16.8, 18.6, 20.7),
(53, 52, 'P', 11.7, 12.8, 13.9, 15.2, 16.8, 18.6, 20.7),
(54, 53, 'P', 11.7, 12.7, 13.9, 15.3, 16.8, 18.6, 20.8),
(55, 54, 'P', 11.7, 12.7, 13.9, 15.3, 16.8, 18.7, 20.8),
(56, 55, 'P', 11.7, 12.7, 13.9, 15.3, 16.8, 18.7, 20.9),
(57, 56, 'P', 11.7, 12.7, 13.9, 15.3, 16.8, 18.7, 20.9),
(58, 57, 'P', 11.7, 12.7, 13.9, 15.3, 16.9, 18.7, 21),
(59, 58, 'P', 11.7, 12.7, 13.9, 15.3, 16.9, 18.8, 21),
(60, 59, 'P', 11.6, 12.7, 13.9, 15.3, 16.9, 18.8, 21),
(61, 60, 'P', 11.6, 12.7, 13.9, 15.3, 16.9, 18.8, 21.1),
(62, 0, 'L', 10.2, 11.1, 12.2, 13.4, 14.8, 16.3, 18.1),
(63, 1, 'L', 11.3, 12.4, 13.6, 14.9, 16.3, 17.8, 19.4),
(64, 2, 'L', 12.5, 13.7, 15, 16.3, 17.8, 19.4, 21.1),
(65, 3, 'L', 13.1, 14.3, 15.5, 16.9, 18.4, 20, 21.8),
(66, 4, 'L', 13.4, 14.5, 15.8, 17.2, 18.7, 20.3, 22.1),
(67, 5, 'L', 13.5, 14.7, 15.9, 17.3, 18.8, 20.5, 22.3),
(68, 6, 'L', 13.6, 14.7, 16, 17.3, 18.8, 20.5, 22.3),
(69, 7, 'L', 13.7, 14.8, 16, 17.3, 18.8, 20.5, 22.3),
(70, 8, 'L', 13.6, 14.7, 15.9, 17.3, 18.7, 20.4, 22.2),
(71, 9, 'L', 13.6, 14.7, 15.8, 17.2, 18.6, 20.3, 22.1),
(72, 10, 'L', 13.5, 14.6, 15.7, 17, 18.5, 20.1, 22),
(73, 11, 'L', 13.4, 14.5, 15.6, 16.9, 18.4, 20, 21.8),
(74, 12, 'L', 13.4, 14.4, 15.5, 16.8, 18.2, 19.8, 21.6),
(75, 13, 'L', 13.3, 14.3, 15.4, 16.7, 18.1, 19.7, 21.5),
(76, 14, 'L', 13.2, 14.2, 15.3, 16.6, 18, 19.5, 21.3),
(77, 15, 'L', 13.1, 14.1, 15.2, 16.4, 17.8, 19.4, 21.2),
(78, 16, 'L', 13.1, 14, 15.1, 16.3, 17.7, 19.3, 21),
(79, 17, 'L', 13, 13.9, 15, 16.2, 17.6, 19.1, 20.9),
(80, 18, 'L', 12.9, 13.9, 14.9, 16.1, 17.5, 19, 20.8),
(81, 19, 'L', 12.9, 13.8, 14.9, 16.1, 17.4, 18.9, 20.7),
(82, 20, 'L', 12.8, 13.7, 14.8, 16, 17.3, 18.8, 20.6),
(83, 21, 'L', 12.8, 13.7, 14.7, 15.9, 17.2, 18.7, 20.5),
(84, 22, 'L', 12.7, 13.6, 14.7, 15.8, 17.2, 18.7, 20.4),
(85, 23, 'L', 12.7, 13.6, 14.6, 15.8, 17.1, 18.6, 20.3),
(86, 24, 'L', 12.9, 13.8, 14.8, 16, 17.3, 18.9, 20.6),
(87, 25, 'L', 12.8, 13.8, 14.8, 16, 17.3, 18.8, 20.5),
(88, 26, 'L', 12.8, 13.7, 14.8, 15.9, 17.3, 18.8, 20.5),
(89, 27, 'L', 12.7, 13.7, 14.7, 15.9, 17.2, 18.7, 20.4),
(90, 28, 'L', 12.7, 13.6, 14.7, 15.9, 17.2, 18.7, 20.4),
(91, 29, 'L', 12.7, 13.6, 14.7, 15.8, 17.1, 18.6, 20.3),
(92, 30, 'L', 12.6, 13.6, 14.6, 15.8, 17.1, 18.6, 20.2),
(93, 31, 'L', 12.6, 13.5, 14.6, 15.8, 17.1, 18.5, 20.2),
(94, 32, 'L', 12.5, 13.5, 14.6, 15.7, 17, 18.5, 20.1),
(95, 33, 'L', 12.5, 13.5, 14.5, 15.7, 17, 18.5, 20.1),
(96, 34, 'L', 12.5, 13.4, 14.5, 15.7, 17, 18.4, 20),
(97, 35, 'L', 12.4, 13.4, 14.5, 15.6, 16.9, 18.4, 20),
(98, 36, 'L', 12.4, 13.4, 14.4, 15.6, 16.9, 18.4, 20),
(99, 37, 'L', 12.4, 13.3, 14.4, 15.6, 16.9, 18.3, 19.9),
(100, 38, 'L', 12.3, 13.3, 14.4, 15.5, 16.8, 18.3, 19.9),
(101, 39, 'L', 12.3, 13.3, 14.3, 15.5, 16.8, 18.3, 19.9),
(102, 40, 'L', 12.3, 13.2, 14.3, 15.5, 16.8, 18.2, 19.9),
(103, 41, 'L', 12.2, 13.2, 14.3, 15.5, 16.8, 18.2, 19.9),
(104, 42, 'L', 12.2, 13.2, 14.3, 15.4, 16.8, 18.2, 19.8),
(105, 43, 'L', 12.2, 13.2, 14.2, 15.4, 16.7, 18.2, 19.8),
(106, 44, 'L', 12.2, 13.1, 14.2, 15.4, 16.7, 18.2, 19.8),
(107, 45, 'L', 12.2, 13.1, 14.2, 15.4, 16.7, 18.2, 19.8),
(108, 46, 'L', 12.1, 13.1, 14.2, 15.4, 16.7, 18.2, 19.8),
(109, 47, 'L', 12.1, 13.1, 14.2, 15.3, 16.7, 18.2, 19.9),
(110, 48, 'L', 12.1, 13.1, 14.1, 15.3, 16.7, 18.2, 19.9),
(111, 49, 'L', 12.1, 13, 14.1, 15.3, 16.7, 18.2, 19.9),
(112, 50, 'L', 12.1, 13, 14.1, 15.3, 16.7, 18.2, 19.9),
(113, 51, 'L', 12.1, 13, 14.1, 15.3, 16.6, 18.2, 19.9),
(114, 52, 'L', 12, 13, 14.1, 15.3, 16.6, 18.2, 19.9),
(115, 53, 'L', 12, 13, 14.1, 15.3, 16.6, 18.2, 20),
(116, 54, 'L', 12, 13, 14, 15.3, 16.6, 18.2, 20),
(117, 55, 'L', 12, 13, 14, 15.2, 16.6, 18.2, 20),
(118, 56, 'L', 12, 12.9, 14, 15.2, 16.6, 18.2, 20.1),
(119, 57, 'L', 12, 12.9, 14, 15.2, 16.6, 18.2, 20.1),
(120, 58, 'L', 12, 12.9, 14, 15.2, 16.6, 18.3, 20.2),
(121, 59, 'L', 12, 12.9, 14, 15.2, 16.6, 18.3, 20.2),
(122, 60, 'L', 12, 12.9, 14, 15.2, 16.6, 18.3, 20.3);

-- --------------------------------------------------------

--
-- Table structure for table `jawaban_responden`
--

CREATE TABLE `jawaban_responden` (
  `id` int(11) NOT NULL,
  `aspek_id` int(11) NOT NULL,
  `anak_id` int(11) NOT NULL,
  `reported` int(11) DEFAULT NULL,
  `jawaban_p` int(11) NOT NULL,
  `jawaban_f` int(11) NOT NULL,
  `jawaban_r` int(11) NOT NULL,
  `tanggal` date NOT NULL
) ENGINE=InnoDB DEFAULT CHARSET=utf8mb4;

--
-- Dumping data for table `jawaban_responden`
--

INSERT INTO `jawaban_responden` (`id`, `aspek_id`, `anak_id`, `reported`, `jawaban_p`, `jawaban_f`, `jawaban_r`, `tanggal`) VALUES
(48, 1, 1, 1, 0, 4, 0, '2020-06-28'),
(49, 2, 1, 1, 0, 3, 0, '2020-06-28'),
(50, 3, 1, 1, 0, 3, 0, '2020-06-28'),
(51, 4, 1, 1, 2, 3, 0, '2020-06-28'),
(52, 1, 1, 1, 4, 0, 0, '2020-06-28'),
(53, 2, 1, 1, 3, 0, 0, '2020-06-28'),
(54, 3, 1, 1, 3, 0, 0, '2020-06-28'),
(55, 4, 1, 1, 5, 0, 0, '2020-06-28'),
(56, 1, 1, 1, 4, 0, 0, '2020-06-28'),
(57, 2, 1, 1, 3, 0, 0, '2020-06-28'),
(58, 3, 1, 1, 0, 3, 0, '2020-06-28'),
(59, 4, 1, 1, 4, 0, 1, '2020-06-28'),
(60, 1, 1, 1, 4, 0, 0, '2020-06-28'),
(61, 2, 1, 1, 2, 1, 0, '2020-06-28'),
(62, 3, 1, 1, 2, 1, 0, '2020-06-28'),
(63, 4, 1, 1, 0, 5, 0, '2020-06-28'),
(64, 1, 1, 1, 4, 0, 0, '2020-06-28'),
(65, 2, 1, 1, 3, 0, 0, '2020-06-28'),
(66, 3, 1, 1, 3, 0, 0, '2020-06-28'),
(67, 4, 1, 1, 5, 0, 0, '2020-06-28'),
(68, 1, 1, 1, 0, 4, 0, '2020-06-28'),
(69, 2, 1, 1, 0, 3, 0, '2020-06-28'),
(70, 3, 1, 1, 0, 3, 0, '2020-06-28'),
(71, 4, 1, 1, 5, 0, 0, '2020-06-28'),
(72, 1, 1, 1, 4, 0, 0, '2020-06-28'),
(73, 2, 1, 1, 3, 0, 0, '2020-06-28'),
(74, 3, 1, 1, 3, 0, 0, '2020-06-28'),
(75, 1, 1, 1, 1, 0, 3, '2020-06-28'),
(76, 2, 1, 1, 3, 0, 0, '2020-06-28'),
(77, 3, 1, 1, 0, 2, 1, '2020-06-28'),
(78, 1, 1, 1, 4, 0, 0, '2020-07-02'),
(79, 2, 1, 1, 3, 0, 0, '2020-07-02'),
(80, 3, 1, 1, 3, 1, 0, '2020-07-02'),
(81, 1, 4, 1, 4, 0, 0, '2020-07-06'),
(82, 2, 4, 1, 3, 0, 0, '2020-07-06'),
(83, 3, 4, 1, 2, 1, 0, '2020-07-06'),
(84, 1, 1, 1, 4, 0, 0, '2020-07-10'),
(85, 2, 1, 1, 1, 2, 0, '2020-07-10'),
(86, 3, 1, 1, 2, 1, 0, '2020-07-10'),
(87, 1, 4, 1, 3, 1, 0, '2020-07-10'),
(88, 2, 4, 1, 2, 1, 0, '2020-07-10'),
(89, 3, 4, 1, 3, 0, 0, '2020-07-10'),
(90, 1, 1, 1, 4, 0, 0, '2020-07-10'),
(91, 2, 1, 1, 3, 0, 0, '2020-07-10'),
(92, 3, 1, 1, 3, 0, 0, '2020-07-10'),
(93, 1, 1, 1, 4, 0, 0, '2020-07-10'),
(94, 2, 1, 1, 3, 0, 0, '2020-07-10'),
(95, 3, 1, 1, 3, 0, 0, '2020-07-10'),
(96, 1, 6, 1, 3, 0, 1, '2020-07-10'),
(97, 2, 6, 1, 2, 0, 1, '2020-07-10'),
(98, 3, 6, 1, 2, 0, 1, '2020-07-10'),
(99, 1, 14, 1, 0, 0, 4, '2020-07-10'),
(100, 2, 14, 1, 0, 0, 3, '2020-07-10'),
(101, 3, 14, 1, 0, 0, 3, '2020-07-10'),
(102, 1, 15, 1, 0, 0, 4, '2020-07-10'),
(103, 2, 15, 1, 0, 0, 3, '2020-07-10'),
(104, 3, 15, 1, 0, 0, 3, '2020-07-10'),
(105, 1, 14, 1, 0, 0, 4, '2020-07-10'),
(106, 2, 14, 1, 0, 0, 3, '2020-07-10'),
(107, 3, 14, 1, 0, 0, 3, '2020-07-10'),
(108, 4, 14, 1, 0, 0, 5, '2020-07-10'),
(109, 1, 15, 1, 0, 0, 4, '2020-07-10'),
(110, 2, 15, 1, 0, 0, 3, '2020-07-10'),
(111, 3, 15, 1, 0, 0, 3, '2020-07-10'),
(112, 4, 15, 1, 0, 0, 5, '2020-07-10'),
(113, 1, 14, 1, 0, 0, 4, '2020-07-10'),
(114, 2, 14, 1, 0, 0, 3, '2020-07-10'),
(115, 3, 14, 1, 0, 0, 3, '2020-07-10'),
(116, 4, 14, 1, 0, 0, 5, '2020-07-10'),
(117, 1, 1, 1, 0, 0, 4, '2020-07-11'),
(118, 2, 1, 1, 0, 0, 3, '2020-07-11'),
(119, 3, 1, 1, 0, 0, 3, '2020-07-11'),
(120, 4, 1, 1, 0, 0, 5, '2020-07-11'),
(121, 1, 13, 1, 2, 2, 0, '2020-07-11'),
(122, 2, 13, 1, 2, 1, 0, '2020-07-11'),
(123, 3, 13, 1, 3, 0, 0, '2020-07-11'),
(124, 4, 13, 1, 5, 0, 0, '2020-07-11'),
(125, 1, 16, 1, 4, 0, 0, '2020-07-11'),
(126, 2, 16, 1, 3, 0, 0, '2020-07-11'),
(127, 3, 16, 1, 3, 0, 0, '2020-07-11'),
(128, 4, 16, 1, 5, 0, 0, '2020-07-11'),
(129, 1, 18, 1, 5, 1, 1, '2020-07-12'),
(130, 2, 18, 1, 3, 0, 0, '2020-07-12'),
(131, 3, 18, 1, 2, 1, 0, '2020-07-12'),
(132, 4, 18, 1, 4, 0, 0, '2020-07-12'),
(133, 1, 19, 1, 6, 0, 0, '2020-07-12'),
(134, 2, 19, 1, 4, 1, 0, '2020-07-12'),
(135, 3, 19, 1, 9, 1, 0, '2020-07-12'),
(136, 4, 19, 1, 3, 2, 0, '2020-07-12'),
(137, 1, 20, 1, 6, 0, 0, '2020-07-12'),
(138, 2, 20, 1, 3, 0, 0, '2020-07-12'),
(139, 3, 20, 1, 3, 0, 0, '2020-07-12'),
(140, 4, 20, 1, 4, 0, 0, '2020-07-12'),
(141, 1, 20, 1, 6, 0, 0, '2020-07-12'),
(142, 2, 20, 1, 3, 0, 0, '2020-07-12'),
(143, 3, 20, 1, 3, 0, 0, '2020-07-12'),
(144, 4, 20, 1, 4, 0, 0, '2020-07-12'),
(145, 1, 21, 1, 3, 0, 0, '2020-07-12'),
(146, 2, 21, 1, 4, 0, 0, '2020-07-12'),
(147, 3, 21, 1, 3, 0, 0, '2020-07-12'),
(148, 4, 21, 1, 6, 0, 0, '2020-07-12');

-- --------------------------------------------------------

--
-- Table structure for table `lk`
--

CREATE TABLE `lk` (
  `id` int(11) NOT NULL,
  `usia` int(11) NOT NULL,
  `jk` varchar(2) NOT NULL COMMENT 'P = perempuan | L = laki',
  `m3sd` float NOT NULL,
  `m2sd` float NOT NULL,
  `m1sd` float NOT NULL,
  `medium` float NOT NULL,
  `p1sd` float NOT NULL,
  `p2sd` float NOT NULL,
  `p3sd` float NOT NULL
) ENGINE=InnoDB DEFAULT CHARSET=utf8mb4;

--
-- Dumping data for table `lk`
--

INSERT INTO `lk` (`id`, `usia`, `jk`, `m3sd`, `m2sd`, `m1sd`, `medium`, `p1sd`, `p2sd`, `p3sd`) VALUES
(1, 0, 'P', 30.3, 31.5, 32.7, 33.9, 35.1, 36.2, 37.4),
(2, 1, 'P', 33, 34.2, 35.4, 36.5, 37.7, 38.9, 40.1),
(3, 2, 'P', 34.6, 35.8, 37, 38.3, 39.5, 40.7, 41.9),
(4, 3, 'P', 35.8, 37.1, 38.3, 39.5, 40.8, 42, 43.3),
(5, 4, 'P', 36.8, 38.1, 39.3, 40.6, 41.8, 43.1, 44.4),
(6, 5, 'P', 37.6, 38.9, 40.2, 41.5, 42.7, 44, 45.3),
(7, 6, 'P', 38.3, 39.6, 40.9, 42.2, 43.5, 44.8, 46.1),
(8, 7, 'P', 38.9, 40.2, 41.5, 42.8, 44.1, 45.5, 46.8),
(9, 8, 'P', 39.4, 40.7, 42, 43.4, 44.7, 46, 47.4),
(10, 9, 'P', 39.8, 41.2, 42.5, 43.8, 45.2, 46.5, 47.8),
(11, 10, 'P', 40.2, 41.5, 42.9, 44.3, 45.6, 46.9, 48.3),
(12, 11, 'P', 40.5, 41.9, 43.2, 44.6, 45.9, 47.3, 48.6),
(13, 12, 'P', 40.8, 42.2, 43.5, 44.9, 46.3, 47.6, 49),
(14, 13, 'P', 41.1, 42.4, 43.8, 45.2, 46.5, 47.9, 49.3),
(15, 14, 'P', 41.3, 42.7, 44.1, 45.4, 46.8, 48.2, 49.5),
(16, 15, 'P', 41.5, 42.9, 44.3, 45.7, 47, 48.4, 49.8),
(17, 16, 'P', 41.7, 43.1, 44.5, 45.9, 47.2, 48.6, 50),
(18, 17, 'P', 41.9, 43.3, 44.7, 46.1, 47.4, 48.8, 50.2),
(19, 18, 'P', 42.1, 43.5, 44.9, 46.2, 47.6, 49, 50.4),
(20, 19, 'P', 42.3, 43.6, 45, 46.4, 47.8, 49.2, 50.6),
(21, 20, 'P', 42.4, 43.8, 45.2, 46.6, 48, 49.4, 50.7),
(22, 21, 'P', 42.6, 44, 45.3, 46.7, 48.1, 49.5, 50.9),
(23, 22, 'P', 42.7, 44.1, 45.5, 46.9, 48.3, 49.7, 51.1),
(24, 23, 'P', 42.9, 44.3, 45.6, 47, 48.4, 49.8, 51.2),
(25, 24, 'P', 43, 44.4, 45.8, 47.2, 48.6, 50, 51.4),
(26, 25, 'P', 43.1, 44.5, 45.9, 47.3, 48.7, 50.1, 51.5),
(27, 26, 'P', 43.3, 44.7, 46.1, 47.5, 48.9, 50.3, 51.7),
(28, 27, 'P', 43.4, 44.8, 46.2, 47.6, 49, 50.4, 51.8),
(29, 28, 'P', 43.5, 44.9, 46.3, 47.7, 49.1, 50.5, 51.9),
(30, 29, 'P', 43.6, 45, 46.4, 47.8, 49.2, 50.6, 52),
(31, 30, 'P', 43.7, 45.1, 46.5, 47.9, 49.3, 50.7, 52.2),
(32, 31, 'P', 43.8, 45.2, 46.6, 48, 49.4, 50.9, 52.3),
(33, 32, 'P', 43.9, 45.3, 46.7, 48.1, 49.6, 51, 52.4),
(34, 33, 'P', 44, 45.4, 46.8, 48.2, 49.7, 51.1, 52.5),
(35, 34, 'P', 44.1, 45.5, 46.9, 48.3, 49.7, 51.2, 52.6),
(36, 35, 'P', 44.2, 45.6, 47, 48.4, 49.8, 51.2, 52.7),
(37, 36, 'P', 44.3, 45.7, 47.1, 48.5, 49.9, 51.3, 52.7),
(38, 37, 'P', 44.4, 45.8, 47.2, 48.6, 50, 51.4, 52.8),
(39, 38, 'P', 44.4, 45.8, 47.3, 48.7, 50.1, 51.5, 52.9),
(40, 39, 'P', 44.5, 45.9, 47.3, 48.7, 50.2, 51.6, 53),
(41, 40, 'P', 44.6, 46, 47.4, 48.8, 50.2, 51.7, 53.1),
(42, 41, 'P', 44.6, 46.1, 47.5, 48.9, 50.3, 51.7, 53.1),
(43, 42, 'P', 44.7, 46.1, 47.5, 49, 50.4, 51.8, 53.2),
(44, 43, 'P', 44.8, 46.2, 47.6, 49, 50.4, 51.9, 53.3),
(45, 44, 'P', 44.8, 46.3, 47.7, 49.1, 50.5, 51.9, 53.3),
(46, 45, 'P', 44.9, 46.3, 47.7, 49.2, 50.6, 52, 53.4),
(47, 46, 'P', 45, 46.4, 47.8, 49.2, 50.6, 52.1, 53.5),
(48, 47, 'P', 45, 46.4, 47.9, 49.3, 50.7, 52.1, 53.5),
(49, 48, 'P', 45.1, 46.5, 47.9, 49.3, 50.8, 52.2, 53.6),
(50, 49, 'P', 45.1, 46.5, 48, 49.4, 50.8, 52.2, 53.6),
(51, 50, 'P', 45.2, 46.6, 48, 49.4, 50.9, 52.3, 53.7),
(52, 51, 'P', 45.2, 46.7, 48.1, 49.5, 50.9, 52.3, 53.8),
(53, 52, 'P', 45.3, 46.7, 48.1, 49.5, 51, 52.4, 53.8),
(54, 53, 'P', 45.3, 46.8, 48.2, 49.6, 51, 52.4, 53.9),
(55, 54, 'P', 45.4, 46.8, 48.2, 49.6, 51.1, 52.5, 53.9),
(56, 55, 'P', 45.4, 46.9, 48.3, 49.7, 51.1, 52.5, 54),
(57, 56, 'P', 45.5, 46.9, 48.3, 49.7, 51.2, 52.6, 54),
(58, 57, 'P', 45.5, 46.9, 48.4, 49.8, 51.2, 52.6, 54.1),
(59, 58, 'P', 45.6, 47, 48.4, 49.8, 51.3, 52.7, 54.1),
(60, 59, 'P', 45.6, 47, 48.5, 49.9, 51.3, 52.7, 54.1),
(61, 60, 'P', 45.7, 47.1, 48.5, 49.9, 51.3, 52.8, 54.2),
(62, 0, 'L', 30.7, 31.9, 33.2, 34.5, 35.7, 37, 38.3),
(63, 1, 'L', 33.8, 34.9, 36.1, 37.3, 38.4, 39.6, 40.8),
(64, 2, 'L', 35.6, 36.8, 38, 39.1, 40.3, 41.5, 42.6),
(65, 3, 'L', 37, 38.1, 39.3, 40.5, 41.7, 42.9, 44.1),
(66, 4, 'L', 38, 39.2, 40.4, 41.6, 42.8, 44, 45.2),
(67, 5, 'L', 38.9, 40.1, 41.4, 42.6, 43.8, 45, 46.2),
(68, 6, 'L', 39.7, 40.9, 42.1, 43.3, 44.6, 45.8, 47),
(69, 7, 'L', 40.3, 41.5, 42.7, 44, 45.2, 46.4, 47.7),
(70, 8, 'L', 40.8, 42, 43.3, 44.5, 45.8, 47, 48.3),
(71, 9, 'L', 41.2, 42.5, 43.7, 45, 46.3, 47.5, 48.8),
(72, 10, 'L', 41.6, 42.9, 44.1, 45.4, 46.7, 47.9, 49.2),
(73, 11, 'L', 41.9, 43.2, 44.5, 45.8, 47, 48.3, 49.6),
(74, 12, 'L', 42.2, 43.5, 44.8, 46.1, 47.4, 48.6, 49.9),
(75, 13, 'L', 42.5, 43.8, 45, 46.3, 47.6, 48.9, 50.2),
(76, 14, 'L', 42.7, 44, 45.3, 46.6, 47.9, 49.2, 50.5),
(77, 15, 'L', 42.9, 44.2, 45.5, 46.8, 48.1, 49.4, 50.7),
(78, 16, 'L', 43.1, 44.4, 45.7, 47, 48.3, 49.6, 51),
(79, 17, 'L', 43.2, 44.6, 45.9, 47.2, 48.5, 49.8, 51.2),
(80, 18, 'L', 43.4, 44.7, 46, 47.4, 48.7, 50, 51.4),
(81, 19, 'L', 43.5, 44.9, 46.2, 47.5, 48.9, 50.2, 51.5),
(82, 20, 'L', 43.7, 45, 46.4, 47.7, 49, 50.4, 51.7),
(83, 21, 'L', 43.8, 45.2, 46.5, 47.8, 49.2, 50.5, 51.9),
(84, 22, 'L', 43.9, 45.3, 46.6, 48, 49.3, 50.7, 52),
(85, 23, 'L', 44.1, 45.4, 46.8, 48.1, 49.5, 50.8, 52.2),
(86, 24, 'L', 44.2, 45.5, 46.9, 48.3, 49.6, 51, 52.3),
(87, 25, 'L', 44.3, 45.6, 47, 48.4, 49.7, 51.1, 52.5),
(88, 26, 'L', 44.4, 45.8, 47.1, 48.5, 49.9, 51.2, 52.6),
(89, 27, 'L', 44.5, 45.9, 47.2, 48.6, 50, 51.4, 52.7),
(90, 28, 'L', 44.6, 46, 47.3, 48.7, 50.1, 51.5, 52.9),
(91, 29, 'L', 44.7, 46.1, 47.4, 48.8, 50.2, 51.6, 53),
(92, 30, 'L', 44.8, 46.1, 47.5, 48.9, 50.3, 51.7, 53.1),
(93, 31, 'L', 44.8, 46.2, 47.6, 49, 50.4, 51.8, 53.2),
(94, 32, 'L', 44.9, 46.3, 47.7, 49.1, 50.5, 51.9, 53.3),
(95, 33, 'L', 45, 46.4, 47.8, 49.2, 50.6, 52, 53.4),
(96, 34, 'L', 45.1, 46.5, 47.9, 49.3, 50.7, 52.1, 53.5),
(97, 35, 'L', 45.2, 46.6, 48, 49.4, 50.8, 52.2, 53.6),
(98, 36, 'L', 45.2, 46.6, 48, 49.5, 50.9, 52.3, 53.7),
(99, 37, 'L', 45.3, 46.7, 48.1, 49.5, 51, 52.4, 53.8),
(100, 38, 'L', 45.3, 46.8, 48.2, 49.6, 51, 52.5, 53.9),
(101, 39, 'L', 45.4, 46.8, 48.2, 49.7, 51.1, 52.5, 54),
(102, 40, 'L', 45.4, 46.9, 48.3, 49.7, 51.2, 52.6, 54.1),
(103, 41, 'L', 45.5, 46.9, 48.4, 49.8, 51.3, 52.7, 54.1),
(104, 42, 'L', 45.5, 47, 48.4, 49.9, 51.3, 52.8, 54.2),
(105, 43, 'L', 45.6, 47, 48.5, 49.9, 51.4, 52.8, 54.3),
(106, 44, 'L', 45.6, 47.1, 48.5, 50, 51.4, 52.9, 54.3),
(107, 45, 'L', 45.7, 47.1, 48.6, 50.1, 51.5, 53, 54.4),
(108, 46, 'L', 45.7, 47.2, 48.7, 50.1, 51.6, 53, 54.5),
(109, 47, 'L', 45.8, 47.2, 48.7, 50.2, 51.6, 53.1, 54.5),
(110, 48, 'L', 45.8, 47.3, 48.7, 50.2, 51.7, 53.1, 54.6),
(111, 49, 'L', 45.9, 47.3, 48.8, 50.3, 51.7, 53.2, 54.7),
(112, 50, 'L', 45.9, 47.4, 48.8, 50.3, 51.8, 53.2, 54.7),
(113, 51, 'L', 45.9, 47.4, 48.9, 50.4, 51.8, 53.3, 54.8),
(114, 52, 'L', 46, 47.5, 48.9, 50.4, 51.9, 53.4, 54.8),
(115, 53, 'L', 46, 47.5, 49, 50.4, 51.9, 53.4, 54.9),
(116, 54, 'L', 46.1, 47.5, 49, 50.5, 52, 53.5, 54.9),
(117, 55, 'L', 46.1, 47.6, 49.1, 50.5, 52, 53.5, 55),
(118, 56, 'L', 46.1, 47.6, 49.1, 50.6, 52.1, 53.5, 55),
(119, 57, 'L', 46.2, 47.6, 49.1, 50.6, 52.1, 53.6, 55.1),
(120, 58, 'L', 46.2, 47.7, 49.2, 50.7, 52.1, 53.6, 55.1),
(121, 59, 'L', 46.2, 47.7, 49.2, 50.7, 52.2, 53.7, 55.2),
(122, 60, 'L', 46.3, 47.7, 49.2, 50.7, 52.2, 53.7, 55.2);

-- --------------------------------------------------------

--
-- Table structure for table `migrations`
--

CREATE TABLE `migrations` (
  `id` int(10) UNSIGNED NOT NULL,
  `migration` varchar(255) COLLATE utf8mb4_unicode_ci NOT NULL,
  `batch` int(11) NOT NULL
) ENGINE=InnoDB DEFAULT CHARSET=utf8mb4 COLLATE=utf8mb4_unicode_ci;

-- --------------------------------------------------------

--
-- Table structure for table `pertanyaan_ddst`
--

CREATE TABLE `pertanyaan_ddst` (
  `id` int(11) NOT NULL,
  `aspek_id` int(11) NOT NULL,
  `usia` int(11) NOT NULL,
  `pertanyaan` varchar(255) NOT NULL
) ENGINE=InnoDB DEFAULT CHARSET=utf8mb4;

--
-- Dumping data for table `pertanyaan_ddst`
--

INSERT INTO `pertanyaan_ddst` (`id`, `aspek_id`, `usia`, `pertanyaan`) VALUES
(1, 1, 1, 'Menatap muka'),
(2, 1, 1, 'Membalas senyum pemeriksa'),
(3, 1, 1, 'Tersenyum spontan'),
(4, 1, 1, 'Mengamati tangannya'),
(5, 2, 1, 'Mengikuti ke garis tengah'),
(6, 2, 1, 'Mengikuti lewat garis tengah'),
(7, 2, 1, 'Memegang icik-icik'),
(8, 3, 1, 'Bereaksi terhadap bel'),
(9, 3, 1, 'Bersuara'),
(10, 3, 1, 'OOO/AAH'),
(11, 4, 1, 'Gerakan seimbang'),
(12, 4, 1, 'Mengangkat kepala'),
(13, 4, 1, 'Kepala terangkat 45 derajat'),
(14, 1, 2, 'Membalas senyum pemeriksa'),
(15, 1, 2, 'Tersenyum spontan'),
(16, 1, 2, 'Mengamati tangannya'),
(17, 2, 2, 'Mengikuti ke garis tengah'),
(18, 2, 2, 'Mengikuti lewat garis tengah'),
(19, 2, 2, 'Memegang icik-icik'),
(20, 3, 2, 'Bereaksi terhadap bel'),
(21, 3, 2, 'Bersuara'),
(22, 3, 2, 'OOO/AAH'),
(23, 3, 2, 'Tertawa'),
(24, 3, 2, 'Berteriak'),
(25, 4, 2, 'Gerakan seimbang'),
(26, 4, 2, 'Mengangkat kepala'),
(27, 4, 2, 'Kepala terangkat 45 derajat'),
(28, 4, 2, 'Kepala terangkat 90 derajat'),
(29, 4, 2, 'Duduk kepala tegak'),
(30, 4, 2, 'Menumpu beban pada kaki'),
(31, 1, 3, 'Membalas senyum pemeriksa'),
(32, 1, 3, 'Tersenyum spontan'),
(33, 1, 3, 'Mengamati tangannya'),
(34, 2, 3, 'Mengikuti lewat garis tengah'),
(35, 2, 3, 'Memegang icik-icik'),
(36, 2, 3, 'Tangan bersentuhan'),
(37, 2, 3, 'Mengikuti 180 derajat'),
(38, 3, 3, 'OOO/AAH'),
(39, 3, 3, 'Tertawa'),
(40, 3, 3, 'Berteriak'),
(41, 4, 3, 'Mengangkat kepala'),
(42, 4, 3, 'Kepala terangkat 90 derajat'),
(43, 4, 3, 'Duduk kepala tegak'),
(44, 4, 3, 'Menumpu beban pada kaki'),
(45, 4, 3, 'Dada terangkat menumpu pada lengan'),
(46, 4, 3, 'Membalik'),
(47, 1, 4, 'Membalas senyum pemeriksa'),
(48, 1, 4, 'Tersenyum spontan'),
(49, 1, 4, 'Mengamati tangannya'),
(50, 2, 4, 'Memegang icik-icik'),
(51, 2, 4, 'Tangan bersentuhan'),
(52, 2, 4, 'Mengikuti 180 derajat'),
(53, 2, 4, 'Mengamati manik - manik'),
(54, 3, 4, 'Berteriak'),
(55, 3, 4, 'Menoleh ke bunyi icik - icik'),
(56, 3, 4, 'Menoleh ke arah suara'),
(57, 3, 4, 'Meniru bunyi kata - kata'),
(58, 4, 4, 'Duduk kepala tegak'),
(59, 4, 4, 'Menumpu beban pada kaki'),
(60, 4, 4, 'Dada terangkat menumpu pada lengan'),
(61, 4, 4, 'Membalik'),
(62, 4, 4, 'Bangkit kepala tegak'),
(63, 1, 5, 'Tersenyum spontan'),
(64, 1, 5, 'Mengamati tangannya'),
(65, 1, 5, 'Berusaha mencapai mainan'),
(66, 2, 5, 'Mengikuti 180 derajat'),
(67, 2, 5, 'Mengamati manik - manik'),
(68, 2, 5, 'Meraih'),
(69, 3, 5, 'Menoleh ke bunyi icik - icik'),
(70, 3, 5, 'Menoleh ke arah suara'),
(71, 3, 5, 'Satu silabel'),
(72, 3, 5, 'Meniru bunyi kata - kata'),
(73, 4, 5, 'Dada terangkat menumpu pada lengan'),
(74, 4, 5, 'Membalik'),
(75, 4, 5, 'Bangkit kepala tegak'),
(76, 1, 6, 'Mengamati tangannya'),
(77, 1, 6, 'Berusaha mencapai mainan'),
(78, 1, 6, 'Makan sendiri'),
(79, 2, 6, 'Mencari benang'),
(80, 2, 6, 'Menggaruk'),
(81, 2, 6, 'Memindahkan kubus'),
(82, 3, 6, 'Menoleh ke arah suara'),
(83, 3, 6, 'Satu silabel'),
(84, 3, 6, 'Meniru bunyi kata - kata'),
(85, 4, 6, 'Membalik'),
(86, 4, 6, 'Bangkit kepala tegak'),
(87, 4, 6, 'Duduk tanpa pegangan'),
(88, 1, 7, 'Berusaha mencapai mainan'),
(89, 1, 7, 'Makan sendiri'),
(90, 1, 7, 'Daag - daag dengan tangan'),
(91, 2, 7, 'Mencari benang'),
(92, 2, 7, 'Menggaruk'),
(93, 2, 7, 'Memindahkan kubus'),
(94, 2, 7, 'Mengambil 2 kubus'),
(95, 3, 7, 'Menoleh ke arah suara'),
(96, 3, 7, 'Satu silabel'),
(97, 3, 7, 'Meniru bunyi kata - kata'),
(98, 3, 7, 'Papa/mama tidak spesifik'),
(99, 3, 7, 'Kombinasi silabel'),
(100, 3, 7, 'Mengoceh'),
(101, 4, 7, 'Bangkit kepala tegak'),
(102, 4, 7, 'Duduk tanpa pegangan'),
(103, 4, 7, 'Berdiri dengan pegangan'),
(104, 1, 8, 'Tepuk tangan'),
(105, 1, 8, 'Menyatakan keinginan'),
(106, 1, 8, 'Daag - daag dengan tangan'),
(107, 2, 8, 'Memindahkan kubus'),
(108, 2, 8, 'Mengambil 2 kubus'),
(109, 2, 8, 'Memegang dengan ibu jari dan jari'),
(110, 2, 8, 'Membenturkan 2 kubus'),
(111, 3, 8, 'Meniru bunyi kata - kata'),
(112, 3, 8, 'Papa/mama tidak spesifik'),
(113, 3, 8, 'Kombinasi silabel'),
(114, 3, 8, 'Mengoceh'),
(115, 3, 8, 'Papa/mama spesifik'),
(116, 4, 8, 'Duduk tanpa pegangan'),
(117, 4, 8, 'Berdiri dengan pegangan'),
(118, 4, 8, 'Bangkit terus duduk'),
(119, 1, 9, 'Tepuk tangan'),
(120, 1, 9, 'Menyatakan keinginan'),
(121, 1, 9, 'Daag - daag dengan tangan'),
(122, 1, 9, 'Minum dengan cangkir'),
(123, 2, 9, 'Mengambil 2 kubus'),
(124, 2, 9, 'Memegang dengan ibu jari dan jari'),
(125, 2, 9, 'Membenturkan 2 kubus'),
(126, 3, 9, 'Papa/mama tidak spesifik'),
(127, 3, 9, 'Kombinasi silabel'),
(128, 3, 9, 'Mengoceh'),
(129, 3, 9, 'Papa/mama spesifik'),
(130, 4, 9, 'Berdiri dengan pegangan'),
(131, 4, 9, 'Bangkit untuk berdiri'),
(132, 4, 9, 'Bangkit terus duduk'),
(133, 1, 10, 'Tepuk tangan'),
(134, 1, 10, 'Menyatakan keinginan'),
(135, 1, 10, 'Daag - daag dengan tangan'),
(136, 1, 10, 'Main bola dengan pemeriksa'),
(137, 1, 10, 'Menirukan kegiatan'),
(138, 1, 10, 'Minum dengan cangkir'),
(139, 2, 10, 'Mengambil 2 kubus'),
(140, 2, 10, 'Memegang dengan ibu jari dan jari'),
(141, 2, 10, 'Membenturkan 2 kubus'),
(142, 3, 10, 'Kombinasi silabel'),
(143, 3, 10, 'Mengoceh'),
(144, 3, 10, 'Papa/mama spesifik'),
(145, 4, 10, 'Bangkit untuk berdiri'),
(146, 4, 10, 'Bangkit terus duduk'),
(147, 4, 10, 'Berdiri 2 detik'),
(148, 1, 11, 'Tepuk tangan'),
(149, 1, 11, 'Menyatakan keinginan'),
(150, 1, 11, 'Daag - daag dengan tangan'),
(151, 1, 11, 'Main bola dengan pemeriksa'),
(152, 1, 11, 'Menirukan kegiatan'),
(153, 1, 11, 'Minum dengan cangkir'),
(154, 2, 11, 'Memegang dengan ibu jari dan jari'),
(155, 2, 11, 'Membenturkan 2 kubus'),
(156, 2, 11, 'Menaruh kubus di cangkir'),
(157, 3, 11, 'Mengoceh'),
(158, 3, 11, 'Papa/mama spesifik'),
(159, 3, 11, '1 kata'),
(160, 4, 11, 'Bangkit terus duduk'),
(161, 4, 11, 'Berdiri 2 detik'),
(162, 4, 11, 'Berdiri sendiri'),
(163, 1, 12, 'Menyatakan keinginan'),
(164, 1, 12, 'Daag - daag dengan tangan'),
(165, 1, 12, 'Main bola dengan pemeriksa'),
(166, 1, 12, 'Menirukan kegiatan'),
(167, 1, 12, 'Minum dengan cangkir'),
(168, 2, 12, 'Memegang dengan ibu jari dan jari'),
(169, 2, 12, 'Membenturkan 2 kubus'),
(170, 2, 12, 'Menaruh kubus di cangkir'),
(171, 3, 12, 'Mengoceh'),
(172, 3, 12, 'Papa/mama spesifik'),
(173, 3, 12, '1 kata'),
(174, 3, 12, '2 kata'),
(175, 4, 12, 'Berdiri 2 detik'),
(176, 4, 12, 'Berdiri sendiri'),
(177, 4, 12, 'Membungkuk kemudian berdiri'),
(178, 4, 12, 'Berjalan dengan baik'),
(179, 1, 13, 'Menyatakan keinginan'),
(180, 1, 13, 'Daag - daag dengan tangan'),
(181, 1, 13, 'Main bola dengan pemeriksa'),
(182, 1, 13, 'Menirukan kegiatan'),
(183, 1, 13, 'Minum dengan cangkir'),
(184, 1, 13, 'Membantu di rumah'),
(185, 2, 13, 'Membenturkan 2 kubus'),
(186, 2, 13, 'Menaruh kubus di cangkir'),
(187, 2, 13, 'Mencoret - coret'),
(188, 3, 13, 'Papa/mama spesifik'),
(189, 3, 13, '1 kata'),
(190, 3, 13, '2 kata'),
(191, 3, 13, '3 kata'),
(192, 4, 13, 'Berdiri sendiri'),
(193, 4, 13, 'Membungkuk kemudian berdiri'),
(194, 4, 13, 'Berjalan dengan baik'),
(195, 1, 14, 'Main bola dengan pemeriksa'),
(196, 1, 14, 'Menirukan kegiatan'),
(197, 1, 14, 'Minum dengan cangkir'),
(198, 1, 14, 'Membantu di rumah'),
(199, 1, 14, 'Menggunakan sendok / garpu'),
(200, 1, 14, 'Membuka pakaian'),
(201, 2, 14, 'Menaruh kubus di cangkir'),
(202, 2, 14, 'Mencoret - coret'),
(203, 2, 14, 'Ambil manik - manik ditunjukkan'),
(204, 3, 14, '1 kata'),
(205, 3, 14, '2 kata'),
(206, 3, 14, '3 kata'),
(207, 4, 14, 'Berdiri sendiri'),
(208, 4, 14, 'Membungkuk kemudian berdiri'),
(209, 4, 14, 'Berjalan dengan baik'),
(210, 4, 14, 'Berjalan mundur'),
(211, 1, 15, 'Main bola dengan pemeriksa'),
(212, 1, 15, 'Menirukan kegiatan'),
(213, 1, 15, 'Minum dengan cangkir'),
(214, 1, 15, 'Membantu di rumah'),
(215, 1, 15, 'Menggunakan sendok / garpu'),
(216, 1, 15, 'Membuka pakaian'),
(217, 2, 15, 'Mencoret - coret'),
(218, 2, 15, 'Ambil manik - manik ditunjukkan'),
(219, 2, 15, 'Menara dari 2 kubus'),
(220, 3, 15, '1 kata'),
(221, 3, 15, '2 kata'),
(222, 3, 15, '3 kata'),
(223, 4, 15, 'Membungkuk kemudian berdiri'),
(224, 4, 15, 'Berjalan dengan baik'),
(225, 4, 15, 'Berjalan mundur'),
(226, 4, 15, 'Lari'),
(227, 1, 16, 'Minum dengan cangkir'),
(228, 1, 16, 'Membantu di rumah'),
(229, 1, 16, 'Menggunakan sendok / garpu'),
(230, 1, 16, 'Membuka pakaian'),
(231, 1, 16, 'Menyuapi boneka'),
(232, 2, 16, 'Mencoret - coret'),
(233, 2, 16, 'Ambil manik - manik ditunjukkan'),
(234, 2, 16, 'Menara dari 2 kubus'),
(235, 3, 16, '2 kata'),
(236, 3, 16, '3 kata'),
(237, 3, 16, '6 kata'),
(238, 4, 16, 'Berjalan mundur'),
(239, 4, 16, 'Lari'),
(240, 4, 16, 'Berjalan naik tangga'),
(241, 1, 17, 'Minum dengan cangkir'),
(242, 1, 17, 'Membantu di rumah'),
(243, 1, 17, 'Menggunakan sendok / garpu'),
(244, 1, 17, 'Membuka pakaian'),
(245, 1, 17, 'Menyuapi boneka'),
(246, 1, 17, 'Gosok gigi dengan bantuan'),
(247, 2, 17, 'Mencoret - coret'),
(248, 2, 17, 'Ambil manik - manik ditunjukkan'),
(249, 2, 17, 'Menara dari 2 kubus'),
(250, 3, 17, '2 kata'),
(251, 3, 17, '3 kata'),
(252, 3, 17, '6 kata'),
(253, 4, 17, 'Lari'),
(254, 4, 17, 'Berjalan naik tangga'),
(255, 4, 17, 'Menendang bola ke depan'),
(256, 1, 18, 'Menggunakan sendok / garpu'),
(257, 1, 18, 'Membuka pakaian'),
(258, 1, 18, 'Menyuapi boneka'),
(259, 1, 18, 'Gosok gigi dengan bantuan'),
(260, 2, 18, 'Ambil manik - manik ditunjukkan'),
(261, 2, 18, 'Menara dari 2 kubus'),
(262, 2, 18, 'Menara dari 4 kubus'),
(263, 3, 18, '3 kata'),
(264, 3, 18, '6 kata'),
(265, 3, 18, 'Menunjuk 2 gambar'),
(266, 3, 18, 'Kombinasi kata'),
(267, 3, 18, 'Bicara sebagian dimengerti'),
(268, 4, 18, 'Lari'),
(269, 4, 18, 'Berjalan naik tangga'),
(270, 4, 18, 'Menendang bola ke depan'),
(271, 4, 18, 'Melempar bola tangan ke atas'),
(272, 1, 19, 'Menggunakan sendok / garpu'),
(273, 1, 19, 'Membuka pakaian'),
(274, 1, 19, 'Menyuapi boneka'),
(275, 1, 19, 'Gosok gigi dengan bantuan'),
(276, 2, 19, 'Ambil manik - manik ditunjukkan'),
(277, 2, 19, 'Menara dari 2 kubus'),
(278, 2, 19, 'Menara dari 4 kubus'),
(279, 3, 19, '6 kata'),
(280, 3, 19, 'Menunjuk 2 gambar'),
(281, 3, 19, 'Kombinasi kata'),
(282, 3, 19, 'Bicara sebagian dimengerti'),
(283, 4, 19, 'Lari'),
(284, 4, 19, 'Berjalan naik tangga'),
(285, 4, 19, 'Menendang bola ke depan'),
(286, 4, 19, 'Melempar bola tangan ke atas'),
(287, 1, 20, 'Menggunakan sendok / garpu'),
(288, 1, 20, 'Membuka pakaian'),
(289, 1, 20, 'Menyuapi boneka'),
(290, 1, 20, 'Gosok gigi dengan bantuan'),
(291, 2, 20, 'Ambil manik - manik ditunjukkan'),
(292, 2, 20, 'Menara dari 2 kubus'),
(293, 2, 20, 'Menara dari 4 kubus'),
(294, 3, 20, '6 kata'),
(295, 3, 20, 'Menunjuk 2 gambar'),
(296, 3, 20, 'Kombinasi kata'),
(297, 3, 20, 'Menyebut 1 gambar'),
(298, 3, 20, 'Bagian badan 6'),
(299, 3, 20, 'Bicara sebagian dimengerti'),
(300, 4, 20, 'Lari'),
(301, 4, 20, 'Berjalan naik tangga'),
(302, 4, 20, 'Menendang bola ke depan'),
(303, 4, 20, 'Melempar bola tangan ke atas'),
(304, 1, 21, 'Membuka pakaian'),
(305, 1, 21, 'Menyuapi boneka'),
(306, 1, 21, 'Gosok gigi dengan bantuan'),
(307, 1, 21, 'Cuci dan mengeringkan tangan'),
(308, 2, 21, 'Menara dari 2 kubus'),
(309, 2, 21, 'Menara dari 4 kubus'),
(310, 2, 21, 'Menara 6 kubus'),
(311, 3, 21, '6 kata'),
(312, 3, 21, 'Menunjuk 2 gambar'),
(313, 3, 21, 'Kombinasi kata'),
(314, 3, 21, 'Menyebut 1 gambar'),
(315, 3, 21, 'Bagian badan 6'),
(316, 3, 21, 'Bicara sebagian dimengerti'),
(317, 4, 21, 'Berjalan naik tangga'),
(318, 4, 21, 'Menendang bola ke depan'),
(319, 4, 21, 'Melempar bola tangan ke atas'),
(320, 1, 22, 'Membuka pakaian'),
(321, 1, 22, 'Menyuapi boneka'),
(322, 1, 22, 'Memakai baju'),
(323, 1, 22, 'Gosok gigi dengan bantuan'),
(324, 1, 22, 'Cuci dan mengeringkan tangan'),
(325, 2, 22, 'Menara dari 2 kubus'),
(326, 2, 22, 'Menara dari 4 kubus'),
(327, 2, 22, 'Menara 6 kubus'),
(328, 3, 22, '6 kata'),
(329, 3, 22, 'Menunjuk 2 gambar'),
(330, 3, 22, 'Kombinasi kata'),
(331, 3, 22, 'Menyebut 1 gambar'),
(332, 3, 22, 'Bagian badan 6'),
(333, 3, 22, 'Menunjuk 4 gambar'),
(334, 3, 22, 'Bicara sebagian dimengerti'),
(335, 4, 22, 'Berjalan naik tangga'),
(336, 4, 22, 'Menendang bola ke depan'),
(337, 4, 22, 'Melempar bola tangan ke atas'),
(338, 1, 23, 'Membuka pakaian'),
(339, 1, 23, 'Menyuapi boneka'),
(340, 1, 23, 'Memakai baju'),
(341, 1, 23, 'Gosok gigi dengan bantuan'),
(342, 1, 23, 'Cuci dan mengeringkan tangan'),
(343, 2, 23, 'Menara dari 2 kubus'),
(344, 2, 23, 'Menara dari 4 kubus'),
(345, 2, 23, 'Menara 6 kubus'),
(346, 3, 23, 'Menunjuk 2 gambar'),
(347, 3, 23, 'Kombinasi kata'),
(348, 3, 23, 'Menyebut 1 gambar'),
(349, 3, 23, 'Bagian badan 6'),
(350, 3, 23, 'Menunjuk 4 gambar'),
(351, 3, 23, 'Bicara sebagian dimengerti'),
(352, 4, 23, 'Menendang bola ke depan'),
(353, 4, 23, 'Melompat'),
(354, 4, 23, 'Melempar bola tangan ke atas'),
(355, 1, 24, 'Membuka pakaian'),
(356, 1, 24, 'Menyuapi boneka'),
(357, 1, 24, 'Memakai baju'),
(358, 1, 24, 'Gosok gigi dengan bantuan'),
(359, 1, 24, 'Cuci dan mengeringkan tangan'),
(360, 2, 24, 'Menara dari 2 kubus'),
(361, 2, 24, 'Menara dari 4 kubus'),
(362, 2, 24, 'Menara 6 kubus'),
(363, 3, 24, 'Menunjuk 2 gambar'),
(364, 3, 24, 'Kombinasi kata'),
(365, 3, 24, 'Menyebut 1 gambar'),
(366, 3, 24, 'Bagian badan 6'),
(367, 3, 24, 'Menunjuk 4 gambar'),
(368, 3, 24, 'Bicara sebagian dimengerti'),
(369, 4, 24, 'Menendang bola ke depan'),
(370, 4, 24, 'Melompat'),
(371, 4, 24, 'Melempar bola tangan ke atas'),
(372, 1, 27, 'Memakai baju'),
(373, 1, 27, 'Gosok gigi dengan bantuan'),
(374, 1, 27, 'Cuci dan mengeringkan tangan'),
(375, 2, 27, 'Menara dari 4 kubus'),
(376, 2, 27, 'Menara 6 kubus'),
(377, 2, 27, 'Menara 8 kubus'),
(378, 3, 27, 'Kombinasi kata'),
(379, 3, 27, 'Menyebut 1 gambar'),
(380, 3, 27, 'Bagian badan 6'),
(381, 3, 27, 'Menunjuk 4 gambar'),
(382, 3, 27, 'Bicara sebagian dimengerti'),
(383, 3, 27, 'Menyebut 4 gambar'),
(384, 3, 27, 'Mengetahui 2 kegiatan'),
(385, 3, 27, 'Bicara semua dimengerti'),
(386, 4, 27, 'Menendang bola ke depan'),
(387, 4, 27, 'Melompat'),
(388, 4, 27, 'Melempar bola tangan ke atas'),
(389, 1, 30, 'Memakai baju'),
(390, 1, 30, 'Gosok gigi dengan bantuan'),
(391, 1, 30, 'Cuci dan mengeringkan tangan'),
(392, 1, 30, 'Menyebut nama teman'),
(393, 1, 30, 'Memakai t-shirt'),
(394, 2, 30, 'Menara dari 6 kubus'),
(395, 2, 30, 'Meniru garis vertikal'),
(396, 2, 30, 'Menara dari 8 kubus'),
(397, 3, 30, 'Menyebut 1 gambar'),
(398, 3, 30, 'Bagian badan 6'),
(399, 3, 30, 'Menunjuk 4 gambar'),
(400, 3, 30, 'Bicara sebagian dimengerti'),
(401, 3, 30, 'Menyebut 4 gambar'),
(402, 3, 30, 'Mengetahui 2 kegiatan'),
(403, 3, 30, 'Bicara semua dimengerti'),
(404, 4, 30, 'Melompat'),
(405, 4, 30, 'Melempar bola tangan ke atas'),
(406, 4, 30, 'Berdiri 1 kaki 1 detik'),
(407, 1, 33, 'Gosok gigi dengan bantuan'),
(408, 1, 33, 'Cuci dan mengeringkan tangan'),
(409, 1, 33, 'Menyebut nama teman'),
(410, 1, 33, 'Memakai t-shirt'),
(411, 1, 33, 'Bermain ular tangga/kartu'),
(412, 1, 33, 'Gosok gigi tanpa bantuan'),
(413, 2, 33, 'Menara dari 6 kubus'),
(414, 2, 33, 'Meniru garis vertikal'),
(415, 2, 33, 'Menara dari 8 kubus'),
(416, 3, 33, 'Bicara sebagian dimengerti'),
(417, 3, 33, 'Menyebut 4 gambar'),
(418, 3, 33, 'Mengetahui 2 kegiatan'),
(419, 3, 33, 'Mengerti 2 kata sifat'),
(420, 3, 33, 'Menyebut 1 warna'),
(421, 3, 33, 'Kegunaan 2 benda'),
(422, 3, 33, 'Mengetahui 4 kegiatan'),
(423, 3, 33, 'Bicara semua dimengerti'),
(424, 4, 33, 'Melempar bola tangan ke atas'),
(425, 4, 33, 'Loncat jauh'),
(426, 4, 33, 'Berdiri 1 kaki 1 detik'),
(427, 1, 36, 'Cuci dan mengeringkan tangan'),
(428, 1, 36, 'Menyebut nama teman'),
(429, 1, 36, 'Memakai t-shirt'),
(430, 1, 36, 'Berpakaian tanpa bantuan'),
(431, 1, 36, 'Bermain ular tangga/kartu'),
(432, 1, 36, 'Gosok gigi tanpa bantuan'),
(433, 2, 36, 'Meniru garis vertikal'),
(434, 2, 36, 'Menara dari 8 kubus'),
(435, 2, 36, 'Menggoyangkan ibu jari'),
(436, 3, 36, 'Bicara sebagian dimengerti'),
(437, 3, 36, 'Menyebut 4 gambar'),
(438, 3, 36, 'Mengetahui 2 kegiatan'),
(439, 3, 36, 'Mengerti 2 kata sifat'),
(440, 3, 36, 'Menyebut 1 warna'),
(441, 3, 36, 'Kegunaan 2 benda'),
(442, 3, 36, 'Menghitung 1 kubus'),
(443, 3, 36, 'Kegunaan 3 benda'),
(444, 3, 36, 'Mengetahui 4 kegiatan'),
(445, 3, 36, 'Bicara semua dimengerti'),
(446, 3, 36, 'Mengerti 4 kata depan'),
(447, 4, 36, 'Melempar bola tangan ke atas'),
(448, 4, 36, 'Loncat jauh'),
(449, 4, 36, 'Berdiri 1 kaki 1 detik'),
(450, 4, 36, 'Berdiri 1 kaki 3 detik'),
(451, 1, 39, 'Menyebut nama teman'),
(452, 1, 39, 'Memakai t-shirt'),
(453, 1, 39, 'Berpakaian tanpa bantuan'),
(454, 1, 39, 'Bermain ular tangga/kartu'),
(455, 1, 39, 'Gosok gigi tanpa bantuan'),
(456, 1, 39, 'Mengambil makan'),
(457, 2, 39, 'Meniru garis vertikal'),
(458, 2, 39, 'Menara dari 8 kubus'),
(459, 2, 39, 'Menggoyangkan ibu jari'),
(460, 2, 39, 'Memilih garis yang lebih panjang'),
(461, 3, 39, 'Mengetahui 2 kegiatan'),
(462, 3, 39, 'Mengerti 2 kata sifat'),
(463, 3, 39, 'Menyebut 1 warna'),
(464, 3, 39, 'Kegunaan 2 benda'),
(465, 3, 39, 'Menghitung 1 kubus'),
(466, 3, 39, 'Kegunaan 3 benda'),
(467, 3, 39, 'Mengetahui 4 kegiatan'),
(468, 3, 39, 'Bicara semua dimengerti'),
(469, 3, 39, 'Mengerti 4 kata depan'),
(470, 3, 39, 'Menyebut 4 warna'),
(471, 3, 39, 'Mengetahui 3 kata sifat'),
(472, 4, 39, 'Berdiri 1 kaki 1 detik'),
(473, 4, 39, 'Berdiri 1 kaki 2 detik'),
(474, 4, 39, 'Berdiri 1 kaki 3 detik'),
(475, 1, 42, 'Berpakaian tanpa bantuan'),
(476, 1, 42, 'Bermain ular tangga/kartu'),
(477, 1, 42, 'Gosok gigi tanpa bantuan'),
(478, 1, 42, 'Mengambil makan'),
(479, 2, 42, 'Menara dari 8 kubus'),
(480, 2, 42, 'Menggoyangkan ibu jari'),
(481, 2, 42, 'Mencontoh lingkaran'),
(482, 2, 42, 'Menggambar orang 3 bagian'),
(483, 2, 42, 'Memilih garis yang lebih panjang'),
(484, 3, 42, 'Mengerti 2 kata sifat'),
(485, 3, 42, 'Menyebut 1 warna'),
(486, 3, 42, 'Kegunaan 2 benda'),
(487, 3, 42, 'Menghitung 1 kubus'),
(488, 3, 42, 'Kegunaan 3 benda'),
(489, 3, 42, 'Mengetahui 4 kegiatan'),
(490, 3, 42, 'Bicara semua dimengerti'),
(491, 3, 42, 'Mengerti 4 kata depan'),
(492, 3, 42, 'Menyebut 4 warna'),
(493, 3, 42, 'Mengartikan 5 kata'),
(494, 3, 42, 'Mengetahui 3 kata sifat'),
(495, 4, 42, 'Berdiri 1 kaki 2 detik'),
(496, 4, 42, 'Melompat dengan 1 kaki'),
(497, 4, 42, 'Berdiri 1 kaki 3 detik'),
(498, 1, 45, 'Berpakaian tanpa bantuan'),
(499, 1, 45, 'Bermain ular tangga/kartu'),
(500, 1, 45, 'Gosok gigi tanpa bantuan'),
(501, 1, 45, 'Mengambil makan'),
(502, 2, 45, 'Menggoyangkan ibu jari'),
(503, 2, 45, 'Mencontoh bentuk lingkaran'),
(504, 2, 45, 'Menggambar orang 3 bagian'),
(505, 2, 45, 'Mencontoh bentuk tambah'),
(506, 2, 45, 'Memilih garis yang lebih panjang'),
(507, 3, 45, 'Menyebut 1 warna'),
(508, 3, 45, 'Kegunaan 2 benda'),
(509, 3, 45, 'Menghitung 1 kubus'),
(510, 3, 45, 'Kegunaan 3 benda'),
(511, 3, 45, 'Mengetahui 4 kegiatan'),
(512, 3, 45, 'Bicara semua dimengerti'),
(513, 3, 45, 'Mengerti 4 kata depan'),
(514, 3, 45, 'Menyebut 4 warna'),
(515, 3, 45, 'Mengartikan 5 kata'),
(516, 3, 45, 'Mengetahui 3 kata sifat'),
(517, 4, 45, 'Berdiri 1 kaki 2 detik'),
(518, 4, 45, 'Melompat dengan 1 kaki'),
(519, 4, 45, 'Berdiri 1 kaki 3 detik'),
(520, 4, 45, 'Berdiri 1 kaki 4 detik'),
(521, 1, 48, 'Berpakaian tanpa bantuan'),
(522, 1, 48, 'Bermain ular tangga/kartu'),
(523, 1, 48, 'Gosok gigi tanpa bantuan'),
(524, 1, 48, 'Mengambil makan'),
(525, 2, 48, 'Mencontoh bentuk lingkaran'),
(526, 2, 48, 'Menggambar orang 3 bagian'),
(527, 2, 48, 'Mencontoh bentuk tambah'),
(528, 2, 48, 'Memilih garis yang lebih panjang'),
(529, 3, 48, 'Menyebut 1 warna'),
(530, 3, 48, 'Kegunaan 2 benda'),
(531, 3, 48, 'Menghitung 1 kubus'),
(532, 3, 48, 'Kegunaan 3 benda'),
(533, 3, 48, 'Mengetahui 4 kegiatan'),
(534, 3, 48, 'Bicara semua dimengerti'),
(535, 3, 48, 'Mengerti 4 kata depan'),
(536, 3, 48, 'Menyebut 4 warna'),
(537, 3, 48, 'Mengartikan 5 kata'),
(538, 3, 48, 'Mengetahui 3 kata sifat'),
(539, 3, 48, 'Berlawanan 2'),
(540, 4, 48, 'Berdiri 1 kaki 2 detik'),
(541, 4, 48, 'Melompat dengan 1 kaki'),
(542, 4, 48, 'Berdiri 1 kaki 3 detik'),
(543, 4, 48, 'Berdiri 1 kaki 4 detik'),
(544, 4, 48, 'Berdiri 1 kaki 5 detik'),
(545, 1, 51, 'Berpakaian tanpa bantuan'),
(546, 1, 51, 'Bermain ular tangga/kartu'),
(547, 1, 51, 'Gosok gigi tanpa bantuan'),
(548, 1, 51, 'Mengambil makan'),
(549, 2, 51, 'Menggambar orang 3 bagian'),
(550, 2, 51, 'Mencontoh bentuk tambah'),
(551, 2, 51, 'Memilih garis yang lebih panjang'),
(552, 3, 51, 'Mengetahui 4 kegiatan'),
(553, 3, 51, 'Bicara semua dimengerti'),
(554, 3, 51, 'Mengerti 4 kata depan'),
(555, 3, 51, 'Menyebut 4 warna'),
(556, 3, 51, 'Mengartikan 5 kata'),
(557, 3, 51, 'Mengetahui 3 kata sifat'),
(558, 3, 51, 'Berlawanan 2'),
(559, 3, 51, 'Mengartikan 7 kata'),
(560, 4, 51, 'Melompat dengan 1 kaki'),
(561, 4, 51, 'Berdiri 1 kaki 3 detik'),
(562, 4, 51, 'Berdiri 1 kaki 4 detik'),
(563, 4, 51, 'Berdiri 1 kaki 5 detik'),
(564, 4, 51, 'Berjalan tumit ke jari kaki'),
(565, 1, 54, 'Bermain ular tangga/kartu'),
(566, 1, 54, 'Gosok gigi tanpa bantuan'),
(567, 1, 54, 'Mengambil makan'),
(568, 2, 54, 'Menggambar orang 3 bagian'),
(569, 2, 54, 'Mencontoh bentuk tambah'),
(570, 2, 54, 'Memilih garis yang lebih panjang'),
(571, 2, 54, 'Mencontoh bentuk persegi yang ditunjukkan'),
(572, 2, 54, 'Menggambar orang 6 bagian'),
(573, 3, 54, 'Mengerti 4 kata depan'),
(574, 3, 54, 'Menyebut 4 warna'),
(575, 3, 54, 'Mengartikan 5 kata'),
(576, 3, 54, 'Mengetahui 3 kata sifat'),
(577, 3, 54, 'Menghitung 5 kubus'),
(578, 3, 54, 'Berlawanan 2'),
(579, 3, 54, 'Mengartikan 7 kata'),
(580, 4, 54, 'Berdiri 1 kaki 3 detik'),
(581, 4, 54, 'Berdiri 1 kaki 4 detik'),
(582, 4, 54, 'Berdiri 1 kaki 5 detik'),
(583, 4, 54, 'Berjalan tumit ke jari kaki'),
(584, 4, 54, 'Berdiri 1 kaki 6 detik'),
(585, 1, 57, 'Bermain ular tangga/kartu'),
(586, 1, 57, 'Gosok gigi tanpa bantuan'),
(587, 1, 57, 'Mengambil makan'),
(588, 2, 57, 'Memilih garis yang lebih panjang'),
(589, 2, 57, 'Mencontoh bentuk persegi yang ditunjukkan'),
(590, 2, 57, 'Menggambar orang 6 bagian'),
(591, 3, 57, 'Mengerti 4 kata depan'),
(592, 3, 57, 'Menyebut 4 warna'),
(593, 3, 57, 'Mengartikan 5 kata'),
(594, 3, 57, 'Mengetahui 3 kata sifat'),
(595, 3, 57, 'Menghitung 5 kubus'),
(596, 3, 57, 'Berlawanan 2'),
(597, 3, 57, 'Mengartikan 7 kata'),
(598, 4, 57, 'Berdiri 1 kaki 4 detik'),
(599, 4, 57, 'Berdiri 1 kaki 5 detik'),
(600, 4, 57, 'Berjalan tumit ke jari kaki'),
(601, 4, 57, 'Berdiri 1 kaki 6 detik'),
(602, 1, 60, 'Bermain ular tangga/kartu'),
(603, 1, 60, 'Gosok gigi tanpa bantuan'),
(604, 1, 60, 'Mengambil makan'),
(605, 2, 60, 'Memilih garis yang lebih panjang'),
(606, 2, 60, 'Mencontoh bentuk persegi dengan ditunjukkan'),
(607, 2, 60, 'Menggambar orang 6 bagian'),
(608, 2, 60, 'Mencontoh persegi'),
(609, 3, 60, 'Mengartikan 5 kata'),
(610, 3, 60, 'Mengetahui 3 kata sifat'),
(611, 3, 60, 'Menghitung 5 kubus'),
(612, 3, 60, 'Berlawanan 2'),
(613, 3, 60, 'Mengartikan 7 kata'),
(614, 4, 60, 'Berdiri 1 kaki 4 detik'),
(615, 4, 60, 'Berdiri 1 kaki 5 detik'),
(616, 4, 60, 'Berjalan tumit ke jari kaki'),
(617, 4, 60, 'Berdiri 1 kaki 6 detik'),
(618, 1, 63, 'Bermain ular tangga/kartu'),
(619, 1, 63, 'Gosok gigi tanpa bantuan'),
(620, 1, 63, 'Mengambil makan'),
(621, 2, 63, 'Memilih garis yang lebih panjang'),
(622, 2, 63, 'Mencontoh bentuk persegi dengan ditunjukkan'),
(623, 2, 63, 'Menggambar orang 6 bagian'),
(624, 2, 63, 'Mencontoh persegi'),
(625, 3, 63, 'Mengartikan 5 kata'),
(626, 3, 63, 'Mengetahui 3 kata sifat'),
(627, 3, 63, 'Menghitung 5 kubus'),
(628, 3, 63, 'Berlawanan 2'),
(629, 3, 63, 'Mengartikan 7 kata'),
(630, 4, 63, 'Berdiri 1 kaki 5 detik'),
(631, 4, 63, 'Berjalan tumit ke jari kaki'),
(632, 4, 63, 'Berdiri 1 kaki 6 detik'),
(633, 1, 66, 'Bermain ular tangga/kartu'),
(634, 1, 66, 'Gosok gigi tanpa bantuan'),
(635, 1, 66, 'Mengambil makan'),
(636, 2, 66, 'Mencontoh bentuk persegi dengan ditunjukkan'),
(637, 2, 66, 'Menggambar orang 6 bagian'),
(638, 2, 66, 'Mencontoh persegi'),
(639, 3, 66, 'Mengetahui 3 kata sifat'),
(640, 3, 66, 'Menghitung 5 kubus'),
(641, 3, 66, 'Berlawanan 2'),
(642, 3, 66, 'Mengartikan 7 kata'),
(643, 4, 66, 'Berdiri 1 kaki 5 detik'),
(644, 4, 66, 'Berjalan tumit ke jari kaki'),
(645, 4, 66, 'Berdiri 1 kaki 6 detik'),
(646, 1, 69, 'Bermain ular tangga/kartu'),
(647, 1, 69, 'Gosok gigi tanpa bantuan'),
(648, 1, 69, 'Mengambil makan'),
(649, 2, 69, 'Mencontoh bentuk persegi dengan ditunjukkan'),
(650, 2, 69, 'Menggambar orang 6 bagian'),
(651, 2, 69, 'Mencontoh persegi'),
(652, 3, 69, 'Menghitung 5 kubus'),
(653, 3, 69, 'Berlawanan 2'),
(654, 3, 69, 'Mengartikan 7 kata'),
(655, 4, 69, 'Berdiri 1 kaki 5 detik'),
(656, 4, 69, 'Berjalan tumit ke jari kaki'),
(657, 4, 69, 'Berdiri 1 kaki 6 detik'),
(658, 1, 72, 'Bermain ular tangga/kartu'),
(659, 1, 72, 'Gosok gigi tanpa bantuan'),
(660, 1, 72, 'Mengambil makan'),
(661, 2, 72, 'Mencontoh bentuk persegi dengan ditunjukkan'),
(662, 2, 72, 'Menggambar orang 6 bagian'),
(663, 2, 72, 'Mencontoh persegi'),
(664, 3, 72, 'Menghitung 5 kubus'),
(665, 3, 72, 'Berlawanan 2'),
(666, 3, 72, 'Mengartikan 7 kata'),
(667, 4, 72, 'Berdiri 1 kaki 5 detik'),
(668, 4, 72, 'Berjalan tumit ke jari kaki'),
(669, 4, 72, 'Berdiri 1 kaki 6 detik');

-- --------------------------------------------------------

--
-- Table structure for table `rekomedasi_gizi`
--

CREATE TABLE `rekomedasi_gizi` (
  `id` int(11) NOT NULL,
  `usia` int(11) NOT NULL,
  `deskripsi` varchar(1000) NOT NULL
) ENGINE=InnoDB DEFAULT CHARSET=utf8mb4;

--
-- Dumping data for table `rekomedasi_gizi`
--

INSERT INTO `rekomedasi_gizi` (`id`, `usia`, `deskripsi`) VALUES
(1, 5, 'Asi'),
(2, 8, 'Bubur kental (pure), saring, hingga lumat dengan takaran 2-3 sendok makan. Makanan saring kasar, dapat memulai dengan finger food. Tingkatkan bertahap hingga ? mangkuk 250 ml'),
(3, 12, 'Nasi tim, makanan cincang halus atau kasar dengan takaran ½- ¾  mangkuk 250 ml '),
(4, 23, 'Makanan yang sama dengan yang dimakan keluarga dengan takaran ¾ mangkuk 250 ml'),
(5, 36, '85 gram karbohidrat, sayur, buah, 2 gelas susu, daging 56 gram'),
(6, 60, '113-141 gram karbohidrat, sayur, buah, 2 gelas susu, daging 85-113 gram');

-- --------------------------------------------------------

--
-- Table structure for table `report_akhir`
--

CREATE TABLE `report_akhir` (
  `id` int(11) NOT NULL,
  `anak_id` int(11) NOT NULL,
  `hasil_akhir` varchar(50) NOT NULL,
  `tanggal` date NOT NULL
) ENGINE=InnoDB DEFAULT CHARSET=utf8mb4;

--
-- Dumping data for table `report_akhir`
--

INSERT INTO `report_akhir` (`id`, `anak_id`, `hasil_akhir`, `tanggal`) VALUES
(7, 1, 'Abnormal', '2020-06-28'),
(8, 1, 'Normal', '2020-06-28'),
(9, 1, 'Tidak Dapat Dites', '2020-06-28'),
(10, 1, 'Abnormal', '2020-06-28'),
(11, 1, 'Normal', '2020-06-28'),
(12, 1, 'Abnormal', '2020-06-28'),
(13, 1, 'Normal', '2020-06-28'),
(14, 1, 'Tidak Dapat Dites', '2020-06-28'),
(15, 1, 'Normal', '2020-07-02'),
(16, 4, 'Normal', '2020-07-06'),
(17, 1, 'Abnormal', '2020-07-10'),
(18, 4, 'Normal', '2020-07-10'),
(19, 1, 'Normal', '2020-07-10'),
(20, 1, 'Normal', '2020-07-10'),
(21, 6, 'Normal', '2020-07-10'),
(22, 14, 'Normal', '2020-07-10'),
(23, 15, 'Normal', '2020-07-10'),
(24, 14, 'Normal', '2020-07-10'),
(25, 15, 'Normal', '2020-07-10'),
(26, 14, 'Normal', '2020-07-10'),
(27, 1, 'Tidak Dapat Dites', '2020-07-11'),
(28, 13, 'Meragukan', '2020-07-11'),
(29, 16, 'Normal', '2020-07-11'),
(30, 18, 'Tidak Dapat Dites', '2020-07-12'),
(31, 19, 'Abnormal', '2020-07-12'),
(32, 20, 'Normal', '2020-07-12'),
(33, 20, 'Normal', '2020-07-12'),
(34, 21, 'Normal', '2020-07-12');

-- --------------------------------------------------------

--
-- Table structure for table `tb`
--

CREATE TABLE `tb` (
  `id` int(11) NOT NULL,
  `usia` int(11) NOT NULL,
  `jk` varchar(2) NOT NULL COMMENT 'P = perempuan | L = laki',
  `m3sd` float NOT NULL,
  `m2sd` float NOT NULL,
  `m1sd` float NOT NULL,
  `medium` float NOT NULL,
  `p1sd` float NOT NULL,
  `p2sd` float NOT NULL,
  `p3sd` float NOT NULL
) ENGINE=InnoDB DEFAULT CHARSET=utf8mb4;

--
-- Dumping data for table `tb`
--

INSERT INTO `tb` (`id`, `usia`, `jk`, `m3sd`, `m2sd`, `m1sd`, `medium`, `p1sd`, `p2sd`, `p3sd`) VALUES
(1, 0, 'P', 43.6, 45.4, 47.3, 49.1, 51, 52.9, 54.7),
(2, 1, 'P', 47.8, 49.8, 51.7, 53.7, 55.6, 57.6, 59.5),
(3, 2, 'P', 51, 53, 55, 57.1, 59.1, 61.1, 63.2),
(4, 3, 'P', 53.5, 55.6, 57.7, 59.8, 61.9, 64, 66.1),
(5, 4, 'P', 55.6, 57.8, 59.9, 62.1, 64.3, 66.4, 68.6),
(6, 5, 'P', 57.4, 59.6, 61.8, 64, 66.2, 68.5, 70.7),
(7, 6, 'P', 58.9, 61.2, 63.5, 65.7, 68, 70.3, 72.5),
(8, 7, 'P', 60.3, 62.7, 65, 67.3, 69.6, 71.9, 74.2),
(9, 8, 'P', 61.7, 64, 66.4, 68.7, 71.1, 73.5, 75.8),
(10, 9, 'P', 62.9, 65.3, 67.7, 70.1, 72.6, 75, 77.4),
(11, 10, 'P', 64.1, 66.5, 69, 71.5, 73.9, 76.4, 78.9),
(12, 11, 'P', 65.2, 67.7, 70.3, 72.8, 75.3, 77.8, 80.3),
(13, 12, 'P', 66.3, 68.9, 71.4, 74, 76.6, 79.2, 81.7),
(14, 13, 'P', 67.3, 70, 72.6, 75.2, 77.8, 80.5, 83.1),
(15, 14, 'P', 68.3, 71, 73.7, 76.4, 79.1, 81.7, 84.4),
(16, 15, 'P', 69.3, 72, 74.8, 77.5, 80.2, 83, 85.7),
(17, 16, 'P', 70.2, 73, 75.8, 78.6, 81.4, 84.2, 87),
(18, 17, 'P', 71.1, 74, 76.8, 79.7, 82.5, 85.4, 88.2),
(19, 18, 'P', 72, 74.9, 77.8, 80.7, 83.6, 86.5, 89.4),
(20, 19, 'P', 72.8, 75.8, 78.8, 81.7, 84.7, 87.6, 90.6),
(21, 20, 'P', 73.7, 76.7, 79.7, 82.7, 85.7, 88.7, 91.7),
(22, 21, 'P', 74.5, 77.5, 80.6, 83.7, 86.7, 89.8, 92.9),
(23, 22, 'P', 75.2, 78.4, 81.5, 84.6, 87.7, 90.8, 94),
(24, 23, 'P', 76, 79.2, 82.3, 85.5, 88.7, 91.9, 95),
(25, 24, 'P', 76, 79.3, 82.5, 85.7, 88.9, 92.2, 95.4),
(26, 25, 'P', 76.8, 80, 83.3, 86.6, 89.9, 93.1, 96.4),
(27, 26, 'P', 77.5, 80.8, 84.1, 87.4, 90.8, 94.1, 97.4),
(28, 27, 'P', 78.1, 81.5, 84.9, 88.3, 91.7, 95, 98.4),
(29, 28, 'P', 78.8, 82.2, 85.7, 89.1, 92.5, 96, 99.4),
(30, 29, 'P', 79.5, 82.9, 86.4, 89.9, 93.4, 96.9, 100.3),
(31, 30, 'P', 80.1, 83.6, 87.1, 90.7, 94.2, 97.7, 101.3),
(32, 31, 'P', 80.7, 84.3, 87.9, 91.4, 95, 98.6, 102.2),
(33, 32, 'P', 81.3, 84.9, 88.6, 92.2, 95.8, 99.4, 103.1),
(34, 33, 'P', 81.9, 85.6, 89.3, 92.9, 96.6, 100.3, 103.9),
(35, 34, 'P', 82.5, 86.2, 89.9, 93.6, 97.4, 101.1, 104.8),
(36, 35, 'P', 83.1, 86.8, 90.6, 94.4, 98.1, 101.9, 105.6),
(37, 36, 'P', 83.6, 87.4, 91.2, 95.1, 98.9, 102.7, 106.5),
(38, 37, 'P', 84.2, 88, 91.9, 95.7, 99.6, 103.4, 107.3),
(39, 38, 'P', 84.7, 88.6, 92.5, 96.4, 100.3, 104.2, 108.1),
(40, 39, 'P', 85.3, 89.2, 93.1, 97.1, 101, 105, 108.9),
(41, 40, 'P', 85.8, 89.8, 93.8, 97.7, 101.7, 105.7, 109.7),
(42, 41, 'P', 86.3, 90.4, 94.4, 98.4, 102.4, 106.4, 110.5),
(43, 42, 'P', 86.8, 90.9, 95, 99, 103.1, 107.2, 111.2),
(44, 43, 'P', 87.4, 91.5, 95.6, 99.7, 103.8, 107.9, 112),
(45, 44, 'P', 87.9, 92, 96.2, 100.3, 104.5, 108.6, 112.7),
(46, 45, 'P', 88.4, 92.5, 96.7, 100.9, 105.1, 109.3, 113.5),
(47, 46, 'P', 88.9, 93.1, 97.3, 101.5, 105.8, 110, 114.2),
(48, 47, 'P', 89.3, 93.6, 97.9, 102.1, 106.4, 110.7, 114.9),
(49, 48, 'P', 89.8, 94.1, 98.4, 102.7, 107, 111.3, 115.7),
(50, 49, 'P', 90.3, 94.6, 99, 103.3, 107.7, 112, 116.4),
(51, 50, 'P', 90.7, 95.1, 99.5, 103.9, 108.3, 112.7, 117.1),
(52, 51, 'P', 91.2, 95.6, 100.1, 104.5, 108.9, 113.3, 117.7),
(53, 52, 'P', 91.7, 96.1, 100.6, 105, 109.5, 114, 118.4),
(54, 53, 'P', 92.1, 96.6, 101.1, 105.6, 110.1, 114.6, 119.1),
(55, 54, 'P', 92.6, 97.1, 101.6, 106.2, 110.7, 115.2, 119.8),
(56, 55, 'P', 93, 97.6, 102.2, 106.7, 111.3, 115.9, 120.4),
(57, 56, 'P', 93.4, 98.1, 102.7, 107.3, 111.9, 116.5, 121.1),
(58, 57, 'P', 93.9, 98.5, 103.2, 107.8, 112.5, 117.1, 121.8),
(59, 58, 'P', 94.3, 99, 103.7, 108.4, 113, 117.7, 122.4),
(60, 59, 'P', 94.7, 99.5, 104.2, 108.9, 113.6, 118.3, 123.1),
(61, 60, 'P', 95.2, 99.9, 104.7, 109.4, 114.2, 118.9, 123.7),
(62, 0, 'L', 44.2, 46.1, 48, 49.9, 51.8, 53.7, 55.6),
(63, 1, 'L', 48.9, 50.8, 52.8, 54.7, 56.7, 58.6, 60.6),
(64, 2, 'L', 52.4, 54.4, 56.4, 58.4, 60.4, 62.4, 64.4),
(65, 3, 'L', 55.3, 57.3, 59.4, 61.4, 63.5, 65.5, 67.6),
(66, 4, 'L', 57.6, 59.7, 61.8, 63.9, 66, 68, 70.1),
(67, 5, 'L', 59.6, 61.7, 63.8, 65.9, 68, 70.1, 72.2),
(68, 6, 'L', 61.2, 63.3, 65.5, 67.6, 69.8, 71.9, 74),
(69, 7, 'L', 62.7, 64.8, 67, 69.2, 71.3, 73.5, 75.7),
(70, 8, 'L', 64, 66.2, 68.4, 70.6, 72.8, 75, 77.2),
(71, 9, 'L', 65.2, 67.5, 69.7, 72, 74.2, 76.5, 78.7),
(72, 10, 'L', 66.4, 68.7, 71, 73.3, 75.6, 77.9, 80.1),
(73, 11, 'L', 67.6, 69.9, 72.2, 74.5, 76.9, 79.2, 81.5),
(74, 12, 'L', 68.6, 71, 73.4, 75.7, 78.1, 80.5, 82.9),
(75, 13, 'L', 69.6, 72.1, 74.5, 76.9, 79.3, 81.8, 84.2),
(76, 14, 'L', 70.6, 73.1, 75.6, 78, 80.5, 83, 85.5),
(77, 15, 'L', 71.6, 74.1, 76.6, 79.1, 81.7, 84.2, 86.7),
(78, 16, 'L', 72.5, 75, 77.6, 80.2, 82.8, 85.4, 88),
(79, 17, 'L', 73.3, 76, 78.6, 81.2, 83.9, 86.5, 89.2),
(80, 18, 'L', 74.2, 76.9, 79.6, 82.3, 85, 87.7, 90.4),
(81, 19, 'L', 75, 77.7, 80.5, 83.2, 86, 88.8, 91.5),
(82, 20, 'L', 75.8, 78.6, 81.4, 84.2, 87, 89.8, 92.6),
(83, 21, 'L', 76.5, 79.4, 82.3, 85.1, 88, 90.9, 93.8),
(84, 22, 'L', 77.2, 80.2, 83.1, 86, 89, 91.9, 94.9),
(85, 23, 'L', 78, 81, 83.9, 86.9, 89.9, 92.9, 95.9),
(86, 24, 'L', 78, 81, 84.1, 87.1, 90.2, 93.2, 96.3),
(87, 25, 'L', 78.6, 81.7, 84.9, 88, 91.1, 94.2, 97.3),
(88, 26, 'L', 79.3, 82.5, 85.6, 88.8, 92, 95.2, 98.3),
(89, 27, 'L', 79.9, 83.1, 86.4, 89.6, 92.9, 96.1, 99.3),
(90, 28, 'L', 80.5, 83.8, 87.1, 90.4, 93.7, 97, 100.3),
(91, 29, 'L', 81.1, 84.5, 87.8, 91.2, 94.5, 97.9, 101.2),
(92, 30, 'L', 81.7, 85.1, 88.5, 91.9, 95.3, 98.7, 102.1),
(93, 31, 'L', 82.3, 85.7, 89.2, 92.7, 96.1, 99.6, 103),
(94, 32, 'L', 82.8, 86.4, 89.9, 93.4, 96.9, 100.4, 103.9),
(95, 33, 'L', 83.4, 86.9, 90.5, 94.1, 97.6, 101.2, 104.8),
(96, 34, 'L', 83.9, 87.5, 91.1, 94.8, 98.4, 102, 105.6),
(97, 35, 'L', 84.4, 88.1, 91.8, 95.4, 99.1, 102.7, 106.4),
(98, 36, 'L', 85, 88.7, 92.4, 96.1, 99.8, 103.5, 107.2),
(99, 37, 'L', 85.5, 89.2, 93, 96.7, 100.5, 104.2, 108),
(100, 38, 'L', 86, 89.8, 93.6, 97.4, 101.2, 105, 108.8),
(101, 39, 'L', 86.5, 90.3, 94.2, 98, 101.8, 105.7, 109.5),
(102, 40, 'L', 87, 90.9, 94.7, 98.6, 102.5, 106.4, 110.3),
(103, 41, 'L', 87.5, 91.4, 95.3, 99.2, 103.2, 107.1, 111),
(104, 42, 'L', 88, 91.9, 95.9, 99.9, 103.8, 107.8, 111.7),
(105, 43, 'L', 88.4, 92.4, 96.4, 100.4, 104.5, 108.5, 112.5),
(106, 44, 'L', 88.9, 93, 97, 101, 105.1, 109.1, 113.2),
(107, 45, 'L', 89.4, 93.5, 97.5, 101.6, 105.7, 109.8, 113.9),
(108, 46, 'L', 89.8, 94, 98.1, 102.2, 106.3, 110.4, 114.6),
(109, 47, 'L', 90.3, 94.4, 98.6, 102.8, 106.9, 111.1, 115.2),
(110, 48, 'L', 90.7, 94.9, 99.1, 103.3, 107.5, 111.7, 115.9),
(111, 49, 'L', 91.2, 95.4, 99.7, 103.9, 108.1, 112.4, 116.6),
(112, 50, 'L', 91.6, 95.9, 100.2, 104.4, 108.7, 113, 117.3),
(113, 51, 'L', 92.1, 96.4, 100.7, 105, 109.3, 113.6, 117.9),
(114, 52, 'L', 92.5, 96.9, 101.2, 105.6, 109.9, 114.2, 118.6),
(115, 53, 'L', 93, 97.4, 101.7, 106.1, 110.5, 114.9, 119.2),
(116, 54, 'L', 93.4, 97.8, 102.3, 106.7, 111.1, 115.5, 119.9),
(117, 55, 'L', 93.9, 98.3, 102.8, 107.2, 111.7, 116.1, 120.6),
(118, 56, 'L', 94.3, 98.8, 103.3, 107.8, 112.3, 116.7, 121.2),
(119, 57, 'L', 94.7, 99.3, 103.8, 108.3, 112.8, 117.4, 121.9),
(120, 58, 'L', 95.2, 99.7, 104.3, 108.9, 113.4, 118, 122.6),
(121, 59, 'L', 95.6, 100.2, 104.8, 109.4, 114, 118.6, 123.2),
(122, 60, 'L', 96.1, 100.7, 105.3, 110, 114.6, 119.2, 123.9);

-- --------------------------------------------------------

--
-- Table structure for table `user`
--

CREATE TABLE `user` (
  `id` int(11) NOT NULL,
  `nama` varchar(50) NOT NULL,
  `email` varchar(50) NOT NULL,
  `password` varchar(255) NOT NULL
) ENGINE=InnoDB DEFAULT CHARSET=utf8mb4;

--
-- Dumping data for table `user`
--

INSERT INTO `user` (`id`, `nama`, `email`, `password`) VALUES
(1, 'Irma Dwi M', 'irmadwimulyanti@gmail.com', '$2y$12$u3Z1V1CfrsfI5A8myrkTS.hJH59EVylQethn88hgMoJQjMsVBG/te'),
(2, 'Rahmi Ayu Dewantari', 'rahmiayu@gmail.com', '$2y$10$UzUtJOW4OtB9N2b28jsxgeJMTfFmvIp4Lw6ewzHEmoGfg9Drj7oDe'),
(6, 'savana', 'savanadahlia@gmail.com', '$2y$10$2ONi0ke8MCXT9L6xs12ck.4twli7aJPYua00B24Y3PhngFNhNbaUa'),
(7, 'Endang Nurhatin', 'endang@gmail.com', '$2y$10$ogdUIVVtObIkC9.hZdXoAOiZo9DuC6jN2LFIayFAVW5He6bRI2Y.m'),
(8, 'Sri Endarwati', 'sriendarwati@gmail.com', '$2y$10$JZFaePXbe9X2AqQXRGYoWeaUyYqGeXxZSC9nWDRgW3pdvn0QE68iW'),
(19, 'Zubaidah', 'zubaidah@hotmail.com', '$2y$10$A25CeKp7xFvC.ZUXX7lwzODYCrpD7Vt0jgx9tGiodlmY2LlmfVm3.'),
(20, 'Aulia Ramdhanti', 'auliaramahanti@gmail.com', '$2y$10$9wd4KQI7q097l5BBJpBJ6uYUQ7qHDyVwn6o65OhbRjsx/cSmeOZnC'),
(22, 'Revania', 'revania@gmail.com', '$2y$10$SKg79oYll/It8uBD5cS4gu1YBmPQaJ56nN4bpfURLBsfQRbz2XBG.'),
(23, 'Ade Ridma', 'aderidma.com@gmail.com', '$2y$10$GF6fZJtx6vhcEA8nlfws4uJ8JufIbeE40Sa3xC9w1yIYKBc/kyP1S'),
(24, 'herlina', 'herlinaoktavianiputri@gmail.com', '$2y$10$QGKgjIWQqoEY7p05bITnjuKf2tXRJb/EsGFGgTzG1TgBPJhMpULAy'),
(25, 'nurul chotimah', 'oktaagustina@ymail.com', '$2y$10$jqJNqJ589kHgLSFGFdXccerm1iQ40Q6yRevAtP/SnUKHgN4oMEGk.'),
(26, 'Retno Yuli Cristanti', 'retnoyuli@gmail.com', '$2y$10$iwaGMAQSRU88FWjl3HSlXOXvF22cg2sXQHOighVLuqY9qnp94lUEi'),
(27, 'agustina maulia', 'agustinamaulida@gmail.com', '$2y$10$ok3Ivrv0TUzSCWfAXbVZg.BJiazcuPQYWqjasTqWfPwKit2Psqaxi');

--
-- Indexes for dumped tables
--

--
-- Indexes for table `anak`
--
ALTER TABLE `anak`
  ADD PRIMARY KEY (`id`);

--
-- Indexes for table `aspek`
--
ALTER TABLE `aspek`
  ADD PRIMARY KEY (`id`);

--
-- Indexes for table `bb`
--
ALTER TABLE `bb`
  ADD PRIMARY KEY (`id`);

--
-- Indexes for table `data_gizi`
--
ALTER TABLE `data_gizi`
  ADD PRIMARY KEY (`id`);

--
-- Indexes for table `hasil_gizi`
--
ALTER TABLE `hasil_gizi`
  ADD PRIMARY KEY (`id`);

--
-- Indexes for table `imt`
--
ALTER TABLE `imt`
  ADD PRIMARY KEY (`id`);

--
-- Indexes for table `jawaban_responden`
--
ALTER TABLE `jawaban_responden`
  ADD PRIMARY KEY (`id`);

--
-- Indexes for table `lk`
--
ALTER TABLE `lk`
  ADD PRIMARY KEY (`id`);

--
-- Indexes for table `migrations`
--
ALTER TABLE `migrations`
  ADD PRIMARY KEY (`id`);

--
-- Indexes for table `pertanyaan_ddst`
--
ALTER TABLE `pertanyaan_ddst`
  ADD PRIMARY KEY (`id`);

--
-- Indexes for table `rekomedasi_gizi`
--
ALTER TABLE `rekomedasi_gizi`
  ADD PRIMARY KEY (`id`);

--
-- Indexes for table `report_akhir`
--
ALTER TABLE `report_akhir`
  ADD PRIMARY KEY (`id`);

--
-- Indexes for table `tb`
--
ALTER TABLE `tb`
  ADD PRIMARY KEY (`id`);

--
-- Indexes for table `user`
--
ALTER TABLE `user`
  ADD PRIMARY KEY (`id`);

--
-- AUTO_INCREMENT for dumped tables
--

--
-- AUTO_INCREMENT for table `anak`
--
ALTER TABLE `anak`
  MODIFY `id` int(11) NOT NULL AUTO_INCREMENT, AUTO_INCREMENT=24;

--
-- AUTO_INCREMENT for table `aspek`
--
ALTER TABLE `aspek`
  MODIFY `id` int(11) NOT NULL AUTO_INCREMENT, AUTO_INCREMENT=5;

--
-- AUTO_INCREMENT for table `bb`
--
ALTER TABLE `bb`
  MODIFY `id` int(11) NOT NULL AUTO_INCREMENT, AUTO_INCREMENT=123;

--
-- AUTO_INCREMENT for table `data_gizi`
--
ALTER TABLE `data_gizi`
  MODIFY `id` int(11) NOT NULL AUTO_INCREMENT, AUTO_INCREMENT=46;

--
-- AUTO_INCREMENT for table `hasil_gizi`
--
ALTER TABLE `hasil_gizi`
  MODIFY `id` int(11) NOT NULL AUTO_INCREMENT, AUTO_INCREMENT=41;

--
-- AUTO_INCREMENT for table `imt`
--
ALTER TABLE `imt`
  MODIFY `id` int(11) NOT NULL AUTO_INCREMENT, AUTO_INCREMENT=123;

--
-- AUTO_INCREMENT for table `jawaban_responden`
--
ALTER TABLE `jawaban_responden`
  MODIFY `id` int(11) NOT NULL AUTO_INCREMENT, AUTO_INCREMENT=149;

--
-- AUTO_INCREMENT for table `lk`
--
ALTER TABLE `lk`
  MODIFY `id` int(11) NOT NULL AUTO_INCREMENT, AUTO_INCREMENT=123;

--
-- AUTO_INCREMENT for table `migrations`
--
ALTER TABLE `migrations`
  MODIFY `id` int(10) UNSIGNED NOT NULL AUTO_INCREMENT;

--
-- AUTO_INCREMENT for table `pertanyaan_ddst`
--
ALTER TABLE `pertanyaan_ddst`
  MODIFY `id` int(11) NOT NULL AUTO_INCREMENT, AUTO_INCREMENT=670;

--
-- AUTO_INCREMENT for table `rekomedasi_gizi`
--
ALTER TABLE `rekomedasi_gizi`
  MODIFY `id` int(11) NOT NULL AUTO_INCREMENT, AUTO_INCREMENT=8;

--
-- AUTO_INCREMENT for table `report_akhir`
--
ALTER TABLE `report_akhir`
  MODIFY `id` int(11) NOT NULL AUTO_INCREMENT, AUTO_INCREMENT=35;

--
-- AUTO_INCREMENT for table `tb`
--
ALTER TABLE `tb`
  MODIFY `id` int(11) NOT NULL AUTO_INCREMENT, AUTO_INCREMENT=123;

--
-- AUTO_INCREMENT for table `user`
--
ALTER TABLE `user`
  MODIFY `id` int(11) NOT NULL AUTO_INCREMENT, AUTO_INCREMENT=28;
COMMIT;

/*!40101 SET CHARACTER_SET_CLIENT=@OLD_CHARACTER_SET_CLIENT */;
/*!40101 SET CHARACTER_SET_RESULTS=@OLD_CHARACTER_SET_RESULTS */;
/*!40101 SET COLLATION_CONNECTION=@OLD_COLLATION_CONNECTION */;
